-- MySQL Administrator dump 1.4
--
-- ------------------------------------------------------
-- Server version	5.5.27-log


/*!40101 SET @OLD_CHARACTER_SET_CLIENT=@@CHARACTER_SET_CLIENT */;
/*!40101 SET @OLD_CHARACTER_SET_RESULTS=@@CHARACTER_SET_RESULTS */;
/*!40101 SET @OLD_COLLATION_CONNECTION=@@COLLATION_CONNECTION */;
/*!40101 SET NAMES utf8 */;

/*!40014 SET @OLD_UNIQUE_CHECKS=@@UNIQUE_CHECKS, UNIQUE_CHECKS=0 */;
/*!40014 SET @OLD_FOREIGN_KEY_CHECKS=@@FOREIGN_KEY_CHECKS, FOREIGN_KEY_CHECKS=0 */;
/*!40101 SET @OLD_SQL_MODE=@@SQL_MODE, SQL_MODE='NO_AUTO_VALUE_ON_ZERO' */;


--
-- Create schema lojas_charme
--

CREATE DATABASE IF NOT EXISTS lojas_charme;
USE lojas_charme;

--
-- Definition of table `carteira`
--

DROP TABLE IF EXISTS `carteira`;
CREATE TABLE `carteira` (
  `id` int(11) NOT NULL AUTO_INCREMENT,
  `movimento_id` int(11) NOT NULL,
  `conta_id` int(11) NOT NULL,
  `valor` double(8,2) DEFAULT NULL,
  `update` timestamp NULL DEFAULT NULL,
  PRIMARY KEY (`id`),
  KEY `fk_carteira_movimento1_idx` (`movimento_id`),
  KEY `fk_carteira_conta1_idx` (`conta_id`),
  CONSTRAINT `fk_carteira_conta1` FOREIGN KEY (`conta_id`) REFERENCES `conta` (`id`) ON DELETE NO ACTION ON UPDATE NO ACTION,
  CONSTRAINT `fk_carteira_movimento1` FOREIGN KEY (`movimento_id`) REFERENCES `movimento` (`id`) ON DELETE NO ACTION ON UPDATE NO ACTION
) ENGINE=InnoDB AUTO_INCREMENT=121 DEFAULT CHARSET=utf8;

--
-- Dumping data for table `carteira`
--

/*!40000 ALTER TABLE `carteira` DISABLE KEYS */;
INSERT INTO `carteira` (`id`,`movimento_id`,`conta_id`,`valor`,`update`) VALUES 
 (2,1,1,259.00,'2013-10-16 16:50:38'),
 (3,200,3,19.96,'2013-11-16 18:35:00'),
 (4,201,1,19.99,'2013-11-16 18:36:19'),
 (5,202,1,4.99,'2013-11-16 18:44:35'),
 (6,203,1,19.99,'2013-11-16 18:45:53'),
 (7,204,3,32.00,'2013-11-16 18:53:55'),
 (8,205,2,19.99,'2013-11-16 18:55:49'),
 (9,206,3,26.98,'2013-11-16 19:07:11'),
 (10,208,3,29.99,'2013-11-16 19:43:46'),
 (11,211,1,5.00,'2013-11-16 19:58:25'),
 (12,212,1,19.99,'2013-11-16 19:59:18'),
 (13,213,1,19.99,'2013-11-16 19:59:47'),
 (14,214,1,35.00,'2013-11-16 20:00:28'),
 (15,215,1,9.98,'2013-11-16 20:01:23'),
 (16,216,3,34.00,'2013-11-16 20:02:25'),
 (17,217,1,9.98,'2013-11-16 20:06:16'),
 (18,218,1,9.99,'2013-11-16 20:06:47'),
 (19,219,1,9.99,'2013-11-16 20:07:33'),
 (20,222,2,35.00,'2013-11-16 20:36:11'),
 (21,223,2,9.99,'2013-11-16 20:42:01'),
 (22,225,1,53.47,'2013-11-16 22:22:25'),
 (23,226,3,25.00,'2013-11-16 22:24:36'),
 (24,227,2,25.00,'2013-11-16 22:25:47'),
 (25,228,1,44.98,'2013-11-16 22:27:22'),
 (26,229,2,24.98,'2013-11-16 22:29:27'),
 (27,230,1,25.99,'2013-11-16 22:30:56'),
 (28,231,1,19.99,'2013-11-16 22:31:54'),
 (29,232,3,25.99,'2013-11-16 22:33:06'),
 (30,233,1,19.99,'2013-11-16 22:34:04'),
 (31,234,1,19.99,'2013-11-16 22:34:55'),
 (32,235,1,9.99,'2013-11-16 22:35:55'),
 (33,237,1,85.00,'2013-11-16 22:46:44'),
 (34,240,1,-42.71,'2013-11-17 13:46:30'),
 (35,241,1,14.99,'2013-11-17 13:49:14'),
 (36,242,1,19.98,'2013-11-17 13:50:18'),
 (37,243,5,44.99,'2013-11-17 13:51:56'),
 (38,244,2,45.00,'2013-11-17 13:52:44'),
 (39,245,1,4.99,'2013-11-17 13:54:16'),
 (40,247,3,34.48,'2013-11-17 14:01:29'),
 (41,248,2,44.98,'2013-11-17 14:02:59'),
 (42,249,1,19.99,'2013-11-17 14:03:40'),
 (43,250,1,9.99,'2013-11-17 14:04:29'),
 (44,254,1,29.98,'2013-11-17 14:14:38'),
 (45,255,1,35.00,'2013-11-17 14:15:23'),
 (46,256,1,39.98,'2013-11-17 14:16:13'),
 (47,258,1,5.00,'2013-11-17 14:26:30'),
 (48,259,1,19.99,'2013-11-17 14:27:17'),
 (49,260,1,19.99,'2013-11-17 14:27:57'),
 (50,261,2,34.99,'2013-11-17 14:30:34'),
 (51,262,2,19.99,'2013-11-17 14:31:31'),
 (52,263,3,49.97,'2013-11-17 14:41:35'),
 (53,264,3,70.89,'2013-11-17 14:46:18'),
 (54,265,1,2.00,'2013-11-17 14:48:17'),
 (55,266,3,54.99,'2013-11-17 14:49:26'),
 (56,267,1,9.99,'2013-11-17 14:50:20'),
 (57,268,1,-748.80,'2013-11-17 14:58:41'),
 (58,270,1,0.13,'2013-11-17 14:59:44'),
 (59,272,1,-20.00,'2013-11-17 15:00:11'),
 (60,274,3,34.99,'2013-11-17 15:59:37'),
 (61,275,1,17.00,'2013-11-17 16:00:37'),
 (62,276,1,17.00,'2013-11-17 16:00:37'),
 (63,277,5,54.99,'2013-11-17 16:01:29'),
 (64,278,1,19.99,'2013-11-17 16:02:18'),
 (65,279,1,9.99,'2013-11-17 16:02:55'),
 (66,280,5,39.98,'2013-11-17 16:04:06'),
 (67,281,1,4.99,'2013-11-17 16:04:49'),
 (68,282,1,35.00,'2013-11-17 16:05:28'),
 (69,283,1,19.99,'2013-11-17 16:06:22'),
 (70,284,1,19.99,'2013-11-17 16:06:29'),
 (71,285,1,20.00,'2013-11-17 16:15:02'),
 (72,285,3,19.97,'2013-11-17 16:15:02'),
 (73,287,3,27.98,'2013-11-17 16:18:32'),
 (74,288,2,44.99,'2013-11-17 16:19:50'),
 (75,289,2,35.00,'2013-11-17 16:20:38'),
 (76,290,6,84.99,'2013-11-17 16:21:35'),
 (77,291,1,14.99,'2013-11-17 16:23:36'),
 (78,291,6,60.00,'2013-11-17 16:23:36'),
 (79,293,1,19.99,'2013-11-17 16:26:16'),
 (80,294,1,27.49,'2013-11-17 16:28:00'),
 (81,295,1,19.99,'2013-11-17 16:28:29'),
 (82,296,5,52.00,'2013-11-17 16:31:31'),
 (83,298,1,6.99,'2013-11-17 16:34:01'),
 (84,299,1,44.99,'2013-11-17 16:34:56'),
 (85,300,1,-8.10,'2013-11-17 16:37:11'),
 (86,302,9,0.01,'2013-11-17 19:40:54'),
 (87,303,1,0.01,'2013-11-19 22:36:06'),
 (88,304,1,0.01,'2013-11-19 22:36:06'),
 (89,305,1,0.01,'2013-11-19 22:43:20'),
 (90,306,1,0.01,'2013-11-19 22:43:20'),
 (91,307,1,0.01,'2013-11-19 22:46:55'),
 (92,308,1,0.01,'2013-11-19 22:47:20'),
 (93,309,1,0.01,'2013-11-19 22:47:20'),
 (94,310,1,0.01,'2013-11-19 22:47:20'),
 (95,311,1,0.01,'2013-11-19 22:47:20'),
 (96,312,1,0.01,'2013-11-19 22:49:26'),
 (97,313,1,0.01,'2013-11-19 22:49:26'),
 (98,314,1,0.01,'2013-11-19 22:49:26'),
 (99,315,1,0.01,'2013-11-19 23:09:37'),
 (100,316,1,0.01,'2013-11-19 23:09:37'),
 (101,317,1,0.01,'2013-11-19 23:14:29'),
 (102,318,1,0.01,'2013-11-19 23:14:29'),
 (103,319,1,0.01,'2013-11-19 23:14:29'),
 (104,320,1,0.01,'2013-11-19 23:15:45'),
 (105,321,1,0.01,'2013-11-19 23:15:45'),
 (106,322,1,0.01,'2013-11-19 23:15:45'),
 (107,323,1,0.01,'2013-11-19 23:15:45'),
 (108,324,1,0.01,'2013-11-19 23:19:32'),
 (109,325,1,35.00,'2013-11-19 23:24:52'),
 (110,326,1,35.00,'2013-11-19 23:24:52'),
 (111,327,1,35.00,'2013-11-19 23:24:52'),
 (112,328,1,35.00,'2013-11-19 23:25:55'),
 (113,329,1,35.00,'2013-11-19 23:27:53'),
 (114,330,1,35.00,'2013-11-19 23:33:08'),
 (115,331,1,0.01,'2013-11-21 18:28:57'),
 (116,332,1,0.01,'2013-11-21 18:29:14'),
 (117,335,1,0.01,'2013-11-21 18:49:18'),
 (118,336,9,31.51,'2013-11-21 19:11:26'),
 (119,337,1,35.00,'2013-11-23 14:23:39'),
 (120,338,1,90.00,'2013-11-23 14:23:57');
/*!40000 ALTER TABLE `carteira` ENABLE KEYS */;


--
-- Definition of table `categoria_produto`
--

DROP TABLE IF EXISTS `categoria_produto`;
CREATE TABLE `categoria_produto` (
  `id` int(11) NOT NULL AUTO_INCREMENT,
  `descricao` varchar(128) DEFAULT NULL,
  PRIMARY KEY (`id`)
) ENGINE=InnoDB AUTO_INCREMENT=37 DEFAULT CHARSET=utf8;

--
-- Dumping data for table `categoria_produto`
--

/*!40000 ALTER TABLE `categoria_produto` DISABLE KEYS */;
INSERT INTO `categoria_produto` (`id`,`descricao`) VALUES 
 (13,'Categoria '),
 (14,'Oculos de sol'),
 (15,'Pulseira'),
 (16,'Colar'),
 (17,'Brinco'),
 (18,'Cinto'),
 (19,'Relogio'),
 (20,'Carteira'),
 (21,'Anel'),
 (22,'Bolsa'),
 (23,'Acessórios cabelo'),
 (24,'Lenço'),
 (25,'Conjunto'),
 (26,'Necessaire'),
 (27,'Embalagem'),
 (28,'Canga'),
 (29,'Maxi colar'),
 (30,'Conjunto festa'),
 (31,'Maquiagem'),
 (32,'Tornozeleira'),
 (33,'Bracelete'),
 (34,'Corrente'),
 (35,'Broche'),
 (36,'Gravata');
/*!40000 ALTER TABLE `categoria_produto` ENABLE KEYS */;


--
-- Definition of table `cliente`
--

DROP TABLE IF EXISTS `cliente`;
CREATE TABLE `cliente` (
  `id` int(11) NOT NULL AUTO_INCREMENT,
  `nome` varchar(256) DEFAULT NULL,
  `nascimento` date DEFAULT NULL,
  `fone` varchar(128) DEFAULT NULL,
  `email` varchar(256) DEFAULT NULL,
  `facebook` varchar(256) DEFAULT NULL,
  `recebe_email` varchar(5) DEFAULT NULL,
  PRIMARY KEY (`id`)
) ENGINE=InnoDB AUTO_INCREMENT=62 DEFAULT CHARSET=utf8;

--
-- Dumping data for table `cliente`
--

/*!40000 ALTER TABLE `cliente` DISABLE KEYS */;
INSERT INTO `cliente` (`id`,`nome`,`nascimento`,`fone`,`email`,`facebook`,`recebe_email`) VALUES 
 (57,'1 Cliente para venda sem registro','2013-10-07','Não cadastrado','Não cadastrado','Não cadastrado','Não'),
 (58,'Lidiane Pereira Ribeiro','1980-07-28','51 99729133','lidiane.pereira@aes.com','lidiane.pereira@aes.com','Sim'),
 (59,'Sabrina da Silva Silva','1980-06-06','51 84488506','binasilvasilva@bol.com.br','binasilvasilva@bol.com.br','Sim'),
 (60,'Brenda','2013-11-16','51','brenda','brenda','Sim'),
 (61,'Stefani','2013-11-16','51','stefani','stefani','Sim');
/*!40000 ALTER TABLE `cliente` ENABLE KEYS */;


--
-- Definition of table `conta`
--

DROP TABLE IF EXISTS `conta`;
CREATE TABLE `conta` (
  `id` int(11) NOT NULL AUTO_INCREMENT,
  `descricao` varchar(128) DEFAULT NULL,
  `prazo` int(11) DEFAULT NULL,
  PRIMARY KEY (`id`)
) ENGINE=InnoDB AUTO_INCREMENT=10 DEFAULT CHARSET=utf8;

--
-- Dumping data for table `conta`
--

/*!40000 ALTER TABLE `conta` DISABLE KEYS */;
INSERT INTO `conta` (`id`,`descricao`,`prazo`) VALUES 
 (1,'Dinheiro',0),
 (2,'Cartão Débito',0),
 (3,'Crédito à vista',0),
 (4,'Crédito 1x',30),
 (5,'Crédito 2x',60),
 (6,'Crédito 3x',90),
 (7,'Crédito 4x',120),
 (8,'Crédito 6x',180),
 (9,'A combinar',0);
/*!40000 ALTER TABLE `conta` ENABLE KEYS */;


--
-- Definition of table `estoque`
--

DROP TABLE IF EXISTS `estoque`;
CREATE TABLE `estoque` (
  `id` int(11) NOT NULL AUTO_INCREMENT,
  `produto_id` int(11) NOT NULL,
  `loja_id` int(11) NOT NULL,
  `quantidade` int(11) DEFAULT NULL,
  `update` timestamp NULL DEFAULT NULL,
  PRIMARY KEY (`id`),
  KEY `fk_estoque_produto1_idx` (`produto_id`),
  KEY `fk_estoque_loja1_idx` (`loja_id`),
  CONSTRAINT `fk_estoque_loja1` FOREIGN KEY (`loja_id`) REFERENCES `loja` (`id`) ON DELETE NO ACTION ON UPDATE NO ACTION,
  CONSTRAINT `fk_estoque_produto1` FOREIGN KEY (`produto_id`) REFERENCES `produto` (`id`) ON DELETE NO ACTION ON UPDATE NO ACTION
) ENGINE=InnoDB AUTO_INCREMENT=706 DEFAULT CHARSET=utf8;

--
-- Dumping data for table `estoque`
--

/*!40000 ALTER TABLE `estoque` DISABLE KEYS */;
INSERT INTO `estoque` (`id`,`produto_id`,`loja_id`,`quantidade`,`update`) VALUES 
 (56,24,1,22,'2013-11-19 23:19:32'),
 (57,24,2,13,'2013-11-21 19:11:25'),
 (58,26,1,0,'2013-10-19 17:30:58'),
 (59,26,2,261,'2013-11-23 14:23:39'),
 (60,27,1,-6,'2013-11-19 23:33:07'),
 (61,27,2,28,'2013-11-17 16:19:50'),
 (62,28,1,0,'2013-10-19 18:50:33'),
 (63,28,2,117,'2013-11-17 16:28:29'),
 (64,29,1,1,'2013-10-27 16:15:38'),
 (65,29,2,1,'2013-10-27 16:15:38'),
 (66,30,1,2,'2013-10-27 16:20:02'),
 (67,30,2,6,'2013-11-17 16:21:35'),
 (68,31,1,1,'2013-10-27 16:23:32'),
 (69,31,2,4,'2013-10-27 16:23:32'),
 (70,32,1,2,'2013-10-27 16:27:13'),
 (71,32,2,4,'2013-10-27 16:27:13'),
 (72,33,1,0,'2013-10-27 16:28:11'),
 (73,33,2,2,'2013-11-17 16:23:36'),
 (74,34,1,0,'2013-10-27 16:29:07'),
 (75,34,2,1,'2013-10-27 16:29:07'),
 (76,35,1,0,'2013-10-27 16:29:51'),
 (77,35,2,0,'2013-11-23 14:23:57'),
 (78,36,1,1,'2013-10-27 16:30:43'),
 (79,36,2,1,'2013-10-27 16:30:43'),
 (80,37,1,0,'2013-10-27 16:31:28'),
 (81,37,2,1,'2013-10-27 16:31:28'),
 (82,38,1,0,'2013-10-27 16:32:09'),
 (83,38,2,1,'2013-10-27 16:32:09'),
 (84,39,1,0,'2013-10-27 16:33:02'),
 (85,39,2,1,'2013-10-27 16:33:02'),
 (86,40,1,0,'2013-10-27 16:33:45'),
 (87,40,2,1,'2013-10-27 16:33:45'),
 (88,41,1,0,'2013-10-27 16:34:34'),
 (89,41,2,1,'2013-10-27 16:34:34'),
 (90,42,1,0,'2013-10-27 16:37:23'),
 (91,42,2,1,'2013-10-27 16:37:23'),
 (92,43,1,0,'2013-10-27 16:38:04'),
 (93,43,2,2,'2013-10-27 16:38:04'),
 (94,44,1,2,'2013-10-27 16:38:48'),
 (95,44,2,1,'2013-10-27 16:38:48'),
 (96,45,1,0,'2013-10-27 16:39:56'),
 (97,45,2,4,'2013-10-27 16:39:56'),
 (98,46,1,0,'2013-10-27 16:40:33'),
 (99,46,2,1,'2013-10-27 16:40:33'),
 (100,47,1,9,'2013-10-27 16:50:55'),
 (101,47,2,4,'2013-10-27 16:50:55'),
 (102,48,1,0,'2013-10-27 16:51:44'),
 (103,48,2,1,'2013-10-27 16:51:44'),
 (104,49,1,0,'2013-10-27 17:10:01'),
 (105,49,2,1,'2013-10-27 17:10:01'),
 (106,50,1,0,'2013-10-27 17:10:45'),
 (107,50,2,2,'2013-10-27 17:10:45'),
 (108,51,1,0,'2013-10-27 17:11:21'),
 (109,51,2,1,'2013-10-27 17:11:21'),
 (110,52,1,0,'2013-10-27 17:11:57'),
 (111,52,2,1,'2013-10-27 17:11:57'),
 (112,53,1,4,'2013-10-27 17:12:37'),
 (113,53,2,5,'2013-10-27 17:12:37'),
 (114,54,1,0,'2013-10-27 17:13:19'),
 (115,54,2,1,'2013-10-27 17:13:19'),
 (116,55,1,0,'2013-10-27 17:13:57'),
 (117,55,2,2,'2013-10-27 17:13:57'),
 (118,56,1,0,'2013-10-27 17:14:37'),
 (119,56,2,1,'2013-10-27 17:14:37'),
 (120,57,1,0,'2013-10-27 17:15:51'),
 (121,57,2,1,'2013-10-27 17:15:51'),
 (122,58,1,0,'2013-10-27 17:16:59'),
 (123,58,2,1,'2013-10-27 17:16:59'),
 (124,59,1,0,'2013-10-27 17:17:33'),
 (125,59,2,1,'2013-10-27 17:17:33'),
 (126,60,1,0,'2013-10-27 17:18:10'),
 (127,60,2,4,'2013-10-27 17:18:10'),
 (128,61,1,0,'2013-10-27 17:18:44'),
 (129,61,2,2,'2013-10-27 17:18:44'),
 (130,62,1,1,'2013-10-27 17:20:02'),
 (131,62,2,1,'2013-10-27 17:20:02'),
 (132,63,1,0,'2013-10-27 17:20:40'),
 (133,63,2,1,'2013-10-27 17:20:40'),
 (134,64,1,0,'2013-10-27 17:21:17'),
 (135,64,2,1,'2013-10-27 17:21:17'),
 (136,65,1,0,'2013-10-27 17:21:54'),
 (137,65,2,2,'2013-10-27 17:21:54'),
 (138,66,1,0,'2013-10-27 17:22:38'),
 (139,66,2,1,'2013-10-27 17:22:38'),
 (140,67,1,0,'2013-10-27 17:23:13'),
 (141,67,2,1,'2013-10-27 17:23:13'),
 (142,68,1,0,'2013-10-27 17:26:42'),
 (143,68,2,3,'2013-10-27 17:26:42'),
 (144,69,1,0,'2013-10-27 17:27:33'),
 (145,69,2,2,'2013-10-27 17:27:33'),
 (146,70,1,0,'2013-10-27 17:52:29'),
 (147,70,2,86,'2013-11-17 14:01:29'),
 (148,71,1,0,'2013-10-27 17:59:26'),
 (149,71,2,94,'2013-10-27 17:59:26'),
 (150,72,1,0,'2013-10-27 18:03:22'),
 (151,72,2,50,'2013-10-27 18:03:22'),
 (152,73,1,0,'2013-10-27 18:06:25'),
 (153,73,2,62,'2013-11-17 16:15:02'),
 (154,74,1,0,'2013-10-27 18:07:19'),
 (155,74,2,55,'2013-11-16 19:58:25'),
 (156,75,1,0,'2013-10-27 18:08:25'),
 (157,75,2,1,'2013-10-27 18:08:25'),
 (158,76,1,120,'2013-10-27 18:11:56'),
 (159,76,2,296,'2013-11-17 16:02:54'),
 (160,77,1,0,'2013-10-27 18:12:54'),
 (161,77,2,28,'2013-10-27 18:12:54'),
 (162,78,1,0,'2013-10-27 18:13:38'),
 (163,78,2,3,'2013-10-27 18:13:38'),
 (164,79,1,0,'2013-10-27 18:14:24'),
 (165,79,2,1,'2013-10-27 18:14:24'),
 (166,80,1,0,'2013-10-27 18:15:12'),
 (167,80,2,2,'2013-10-27 18:15:12'),
 (168,81,1,0,'2013-10-27 18:16:22'),
 (169,81,2,2,'2013-10-27 18:16:22'),
 (170,82,1,0,'2013-10-27 18:17:34'),
 (171,82,2,2,'2013-11-17 16:26:16'),
 (172,83,1,0,'2013-10-27 18:18:21'),
 (173,83,2,3,'2013-10-27 18:18:21'),
 (174,84,1,0,'2013-10-27 18:19:29'),
 (175,84,2,0,'2013-11-16 18:53:55'),
 (176,85,1,0,'2013-10-27 18:20:10'),
 (177,85,2,3,'2013-10-27 18:20:10'),
 (178,86,1,0,'2013-10-27 18:20:57'),
 (179,86,2,2,'2013-10-27 18:20:57'),
 (180,87,1,0,'2013-10-27 18:21:47'),
 (181,87,2,3,'2013-10-27 18:21:47'),
 (182,88,1,0,'2013-10-27 18:22:44'),
 (183,88,2,4,'2013-10-27 18:22:44'),
 (184,89,1,0,'2013-10-27 18:23:42'),
 (185,89,2,2,'2013-10-27 18:23:42'),
 (186,90,1,0,'2013-10-27 18:24:21'),
 (187,90,2,7,'2013-10-27 18:24:21'),
 (188,91,1,0,'2013-10-27 18:25:02'),
 (189,91,2,8,'2013-10-27 18:25:02'),
 (190,92,1,0,'2013-10-27 18:25:48'),
 (191,92,2,12,'2013-10-27 18:25:48'),
 (192,93,1,0,'2013-10-27 18:26:25'),
 (193,93,2,9,'2013-11-16 19:07:11'),
 (194,94,1,0,'2013-10-27 18:27:06'),
 (195,94,2,11,'2013-10-27 18:27:06'),
 (196,95,1,0,'2013-10-27 18:28:12'),
 (197,95,2,8,'2013-11-16 22:22:25'),
 (198,96,1,0,'2013-10-27 18:30:07'),
 (199,96,2,5,'2013-10-27 18:30:07'),
 (200,97,1,0,'2013-10-27 18:31:02'),
 (201,97,2,2,'2013-10-27 18:31:02'),
 (202,98,1,0,'2013-10-27 18:31:54'),
 (203,98,2,2,'2013-10-27 18:31:54'),
 (204,99,1,0,'2013-10-27 18:32:42'),
 (205,99,2,0,'2013-11-17 16:34:56'),
 (206,100,1,0,'2013-10-27 19:23:06'),
 (207,100,2,2,'2013-10-27 19:23:06'),
 (208,101,1,0,'2013-10-27 19:24:51'),
 (209,101,2,4,'2013-10-27 19:24:51'),
 (210,102,1,0,'2013-10-27 19:25:51'),
 (211,102,2,13,'2013-10-27 19:25:51'),
 (212,103,1,0,'2013-10-27 19:26:33'),
 (213,103,2,61,'2013-11-17 14:02:59'),
 (214,104,1,0,'2013-10-27 19:27:35'),
 (215,104,2,36,'2013-11-16 20:42:01'),
 (216,105,1,0,'2013-10-27 19:28:49'),
 (217,105,2,76,'2013-11-17 14:01:29'),
 (218,106,1,0,'2013-10-27 19:29:54'),
 (219,106,2,4,'2013-10-27 19:29:54'),
 (220,107,1,0,'2013-10-27 19:30:49'),
 (221,107,2,28,'2013-10-27 19:30:49'),
 (222,108,1,0,'2013-10-27 19:31:51'),
 (223,108,2,7,'2013-10-27 19:31:51'),
 (224,109,1,0,'2013-10-27 19:32:35'),
 (225,109,2,7,'2013-10-27 19:32:35'),
 (226,110,1,0,'2013-10-27 19:33:15'),
 (227,110,2,31,'2013-10-27 19:33:15'),
 (228,111,1,0,'2013-10-27 19:34:20'),
 (229,111,2,7,'2013-10-27 19:34:20'),
 (230,114,1,0,'2013-10-27 19:37:01'),
 (231,114,2,1,'2013-10-27 19:37:01'),
 (232,115,1,0,'2013-10-27 19:37:39'),
 (233,115,2,3,'2013-10-27 19:37:39'),
 (234,116,1,0,'2013-10-27 19:38:14'),
 (235,116,2,5,'2013-10-27 19:38:14'),
 (236,117,1,0,'2013-10-27 19:38:48'),
 (237,117,2,1,'2013-10-27 19:38:48'),
 (238,118,1,0,'2013-10-27 19:39:28'),
 (239,118,2,6,'2013-11-17 14:46:18'),
 (240,119,1,0,'2013-10-27 19:40:04'),
 (241,119,2,4,'2013-10-27 19:40:04'),
 (242,120,1,0,'2013-10-27 19:40:43'),
 (243,120,2,1,'2013-10-27 19:40:43'),
 (244,121,1,0,'2013-10-27 19:41:38'),
 (245,121,2,10,'2013-10-27 19:41:38'),
 (246,122,1,0,'2013-10-27 19:42:34'),
 (247,122,2,6,'2013-10-27 19:42:34'),
 (248,123,1,0,'2013-10-27 19:43:06'),
 (249,123,2,1,'2013-10-27 19:43:06'),
 (250,124,1,0,'2013-10-27 19:43:35'),
 (251,124,2,1,'2013-10-27 19:43:35'),
 (252,125,1,0,'2013-10-27 19:44:11'),
 (253,125,2,1,'2013-10-27 19:44:11'),
 (254,126,1,0,'2013-10-27 19:45:03'),
 (255,126,2,1,'2013-10-27 19:45:03'),
 (256,127,1,0,'2013-10-27 21:48:36'),
 (257,127,2,3,'2013-10-27 21:48:36'),
 (258,128,1,0,'2013-10-27 21:52:59'),
 (259,128,2,1,'2013-10-27 21:52:59'),
 (260,129,1,17,'2013-10-27 22:05:03'),
 (261,129,2,27,'2013-10-27 22:05:03'),
 (262,130,1,0,'2013-10-27 22:06:46'),
 (263,130,2,56,'2013-11-17 13:52:44'),
 (264,131,1,6,'2013-10-27 22:07:54'),
 (265,131,2,6,'2013-10-27 22:07:54'),
 (266,132,1,0,'2013-10-27 22:09:07'),
 (267,132,2,17,'2013-10-27 22:09:07'),
 (268,133,1,0,'2013-10-27 22:10:59'),
 (269,133,2,15,'2013-11-16 22:22:25'),
 (270,134,1,0,'2013-10-27 22:13:04'),
 (271,134,2,5,'2013-11-17 13:49:14'),
 (272,135,1,0,'2013-10-27 22:15:23'),
 (273,135,2,5,'2013-10-27 22:15:23'),
 (274,136,1,0,'2013-10-27 22:17:17'),
 (275,136,2,1,'2013-10-27 22:17:17'),
 (276,137,1,0,'2013-10-27 22:35:53'),
 (277,137,2,77,'2013-11-17 16:00:37'),
 (278,138,1,0,'2013-10-27 22:39:44'),
 (279,138,2,1,'2013-10-27 22:39:44'),
 (280,139,1,0,'2013-10-27 22:41:20'),
 (281,139,2,2,'2013-10-27 22:41:20'),
 (282,141,1,0,'2013-10-27 22:56:38'),
 (283,141,2,422,'2013-11-17 16:27:55'),
 (284,142,1,0,'2013-10-27 22:57:57'),
 (285,142,2,2,'2013-11-17 14:41:35'),
 (286,143,1,0,'2013-10-27 22:59:48'),
 (287,143,2,22,'2013-10-27 22:59:48'),
 (288,144,1,0,'2013-10-27 23:01:10'),
 (289,144,2,1,'2013-10-27 23:01:10'),
 (290,145,1,0,'2013-10-27 23:02:50'),
 (291,145,2,1,'2013-11-16 18:35:00'),
 (292,146,1,0,'2013-10-27 23:03:57'),
 (293,146,2,2,'2013-10-27 23:03:57'),
 (294,147,1,0,'2013-10-27 23:05:26'),
 (295,147,2,5,'2013-10-27 23:05:26'),
 (296,148,1,0,'2013-10-27 23:06:20'),
 (297,148,2,5,'2013-10-27 23:06:20'),
 (298,149,1,0,'2013-10-27 23:07:46'),
 (299,149,2,6,'2013-10-27 23:07:46'),
 (300,150,1,0,'2013-10-27 23:16:39'),
 (301,150,2,1,'2013-10-27 23:16:39'),
 (302,151,1,0,'2013-10-27 23:17:57'),
 (303,151,2,6,'2013-10-27 23:17:57'),
 (304,152,1,0,'2013-10-27 23:19:07'),
 (305,152,2,45,'2013-11-16 22:22:25'),
 (306,153,1,0,'2013-10-27 23:20:12'),
 (307,153,2,1,'2013-10-27 23:20:12'),
 (308,154,1,0,'2013-10-27 23:21:01'),
 (309,154,2,3,'2013-10-27 23:21:01'),
 (310,155,1,0,'2013-10-27 23:21:42'),
 (311,155,2,1,'2013-10-27 23:21:42'),
 (312,156,1,0,'2013-10-27 23:22:56'),
 (313,156,2,1,'2013-10-27 23:22:56'),
 (314,157,1,0,'2013-10-28 20:07:35'),
 (315,157,2,4,'2013-10-28 20:07:35'),
 (316,158,1,0,'2013-10-28 20:08:52'),
 (317,158,2,8,'2013-10-28 20:08:52'),
 (318,159,1,0,'2013-10-28 20:09:47'),
 (319,159,2,10,'2013-10-28 20:09:47'),
 (320,160,1,0,'2013-10-28 20:10:45'),
 (321,160,2,5,'2013-10-28 20:10:45'),
 (322,161,1,0,'2013-10-28 20:42:05'),
 (323,161,2,24,'2013-11-17 15:59:37'),
 (324,162,1,0,'2013-10-28 20:43:09'),
 (325,162,2,5,'2013-10-28 20:43:09'),
 (326,163,1,0,'2013-10-28 20:43:58'),
 (327,163,2,17,'2013-10-28 20:43:58'),
 (328,164,1,0,'2013-10-28 20:44:50'),
 (329,164,2,2,'2013-10-28 20:44:50'),
 (330,165,1,0,'2013-10-28 20:45:36'),
 (331,165,2,4,'2013-10-28 20:45:36'),
 (332,166,1,0,'2013-10-28 20:46:21'),
 (333,166,2,2,'2013-10-28 20:46:21'),
 (334,167,1,0,'2013-10-28 20:47:14'),
 (335,167,2,2,'2013-10-28 20:47:14'),
 (336,168,1,0,'2013-10-28 20:48:02'),
 (337,168,2,1,'2013-10-28 20:48:02'),
 (338,169,1,0,'2013-10-28 20:48:47'),
 (339,169,2,2,'2013-10-28 20:48:47'),
 (340,170,1,0,'2013-10-28 20:49:27'),
 (341,170,2,1,'2013-10-28 20:49:27'),
 (342,171,1,0,'2013-10-28 20:50:14'),
 (343,171,2,5,'2013-10-28 20:50:14'),
 (344,172,1,0,'2013-10-28 20:51:23'),
 (345,172,2,20,'2013-10-28 20:51:23'),
 (346,173,1,0,'2013-10-28 20:52:09'),
 (347,173,2,2,'2013-10-28 20:52:09'),
 (348,174,1,0,'2013-10-28 20:52:53'),
 (349,174,2,1,'2013-10-28 20:52:53'),
 (350,175,1,0,'2013-10-28 20:53:52'),
 (351,175,2,1,'2013-10-28 20:53:52'),
 (352,176,1,0,'2013-10-28 20:54:46'),
 (353,176,2,1,'2013-10-28 20:54:46'),
 (354,177,1,0,'2013-10-28 20:55:54'),
 (355,177,2,1,'2013-10-28 20:55:54'),
 (356,178,1,0,'2013-10-28 20:57:01'),
 (357,178,2,2,'2013-10-28 20:57:01'),
 (358,179,1,0,'2013-10-28 20:59:49'),
 (359,179,2,0,'2013-10-28 20:59:49'),
 (360,180,1,0,'2013-10-28 21:01:05'),
 (361,180,2,2,'2013-10-28 21:01:05'),
 (362,181,1,0,'2013-10-28 21:02:26'),
 (363,181,2,2,'2013-10-28 21:02:26'),
 (364,182,1,0,'2013-10-28 21:03:18'),
 (365,182,2,3,'2013-10-28 21:03:18'),
 (366,183,1,0,'2013-10-28 21:04:09'),
 (367,183,2,1,'2013-10-28 21:04:09'),
 (368,184,1,0,'2013-10-28 21:05:20'),
 (369,184,2,2,'2013-10-28 21:05:20'),
 (370,185,1,0,'2013-10-28 21:06:15'),
 (371,185,2,4,'2013-10-28 21:06:15'),
 (372,186,1,0,'2013-10-28 21:07:04'),
 (373,186,2,1,'2013-10-28 21:07:04'),
 (374,187,1,0,'2013-10-28 21:07:55'),
 (375,187,2,1,'2013-10-28 21:07:55'),
 (376,188,1,0,'2013-10-28 21:08:49'),
 (377,188,2,7,'2013-10-28 21:08:49'),
 (378,189,1,0,'2013-10-28 21:10:57'),
 (379,189,2,40,'2013-11-17 16:04:49'),
 (380,190,1,0,'2013-10-28 21:12:15'),
 (381,190,2,3,'2013-10-28 21:12:15'),
 (382,191,1,0,'2013-10-28 21:13:04'),
 (383,191,2,30,'2013-10-28 21:13:04'),
 (384,192,1,0,'2013-10-28 21:13:56'),
 (385,192,2,6,'2013-10-28 21:13:56'),
 (386,193,1,0,'2013-10-28 21:14:41'),
 (387,193,2,2,'2013-10-28 21:14:41'),
 (388,194,1,0,'2013-10-28 21:15:28'),
 (389,194,2,2,'2013-10-28 21:15:28'),
 (390,195,1,0,'2013-10-28 21:16:28'),
 (391,195,2,23,'2013-10-28 21:16:28'),
 (392,196,1,0,'2013-10-28 21:17:15'),
 (393,196,2,3,'2013-10-28 21:17:15'),
 (394,197,1,0,'2013-10-28 21:18:07'),
 (395,197,2,11,'2013-10-28 21:18:07'),
 (396,198,1,0,'2013-10-28 21:19:12'),
 (397,198,2,1,'2013-10-28 21:19:12'),
 (398,199,1,0,'2013-10-28 21:22:03'),
 (399,199,2,3,'2013-10-28 21:22:03'),
 (400,200,1,0,'2013-10-28 21:24:03'),
 (401,200,2,1,'2013-10-28 21:24:03'),
 (402,201,1,0,'2013-10-28 21:25:30'),
 (403,201,2,15,'2013-10-28 21:25:30'),
 (404,202,1,0,'2013-10-28 21:28:09'),
 (405,202,2,3,'2013-10-28 21:28:09'),
 (406,203,1,0,'2013-10-28 21:29:22'),
 (407,203,2,1,'2013-10-28 21:29:22'),
 (408,204,1,0,'2013-10-28 21:30:22'),
 (409,204,2,1,'2013-10-28 21:30:22'),
 (410,205,1,0,'2013-10-28 21:31:34'),
 (411,205,2,2,'2013-10-28 21:31:34'),
 (412,206,1,0,'2013-10-28 21:32:46'),
 (413,206,2,21,'2013-10-28 21:32:46'),
 (414,207,1,0,'2013-10-28 21:33:47'),
 (415,207,2,4,'2013-10-28 21:33:47'),
 (416,208,1,0,'2013-10-28 21:34:36'),
 (417,208,2,13,'2013-10-28 21:34:36'),
 (418,209,1,0,'2013-10-28 21:37:07'),
 (419,209,2,228,'2013-11-17 16:34:01'),
 (420,210,1,0,'2013-10-28 21:40:32'),
 (421,210,2,1,'2013-10-28 21:40:32'),
 (422,211,1,0,'2013-10-28 21:42:11'),
 (423,211,2,1,'2013-10-28 21:42:11'),
 (424,212,1,0,'2013-10-28 21:43:17'),
 (425,212,2,1,'2013-10-28 21:43:17'),
 (426,213,1,0,'2013-10-28 21:44:07'),
 (427,213,2,1,'2013-10-28 21:44:07'),
 (428,214,1,0,'2013-10-28 21:45:03'),
 (429,214,2,1,'2013-10-28 21:45:03'),
 (430,215,1,0,'2013-10-28 21:46:34'),
 (431,215,2,2,'2013-10-28 21:46:34'),
 (432,216,1,0,'2013-10-28 21:47:28'),
 (433,216,2,1,'2013-10-28 21:47:28'),
 (434,217,1,0,'2013-10-28 21:48:18'),
 (435,217,2,2,'2013-10-28 21:48:18'),
 (436,218,1,0,'2013-10-28 21:49:08'),
 (437,218,2,3,'2013-10-28 21:49:08'),
 (438,219,1,0,'2013-10-28 21:50:48'),
 (439,219,2,1,'2013-10-28 21:50:48'),
 (440,220,1,0,'2013-10-28 21:51:58'),
 (441,220,2,1,'2013-10-28 21:51:58'),
 (442,221,1,0,'2013-10-28 21:53:00'),
 (443,221,2,1,'2013-10-28 21:53:00'),
 (444,222,1,0,'2013-10-28 21:53:52'),
 (445,222,2,1,'2013-10-28 21:53:52'),
 (446,223,1,0,'2013-10-28 22:32:19'),
 (447,223,2,2,'2013-10-28 22:32:19'),
 (448,224,1,0,'2013-10-28 22:35:09'),
 (449,224,2,7,'2013-10-28 22:35:09'),
 (450,225,1,0,'2013-10-28 22:36:04'),
 (451,225,2,1,'2013-10-28 22:36:04'),
 (452,226,1,0,'2013-10-28 22:36:56'),
 (453,226,2,10,'2013-10-28 22:36:56'),
 (454,227,1,0,'2013-10-28 22:38:24'),
 (455,227,2,10,'2013-10-28 22:38:24'),
 (456,228,1,0,'2013-10-28 22:40:00'),
 (457,228,2,1,'2013-10-28 22:40:00'),
 (458,229,1,0,'2013-10-28 22:41:07'),
 (459,229,2,2,'2013-10-28 22:41:07'),
 (460,230,1,0,'2013-10-28 22:42:18'),
 (461,230,2,2,'2013-10-28 22:42:18'),
 (462,231,1,0,'2013-10-28 22:46:42'),
 (463,231,2,1,'2013-10-28 22:46:42'),
 (464,232,1,0,'2013-10-28 22:47:39'),
 (465,232,2,22,'2013-10-28 22:47:39'),
 (466,233,1,0,'2013-10-28 22:48:26'),
 (467,233,2,3,'2013-10-28 22:48:26'),
 (468,234,1,0,'2013-10-28 22:49:10'),
 (469,234,2,1,'2013-10-28 22:49:10'),
 (470,235,1,0,'2013-10-28 22:50:09'),
 (471,235,2,2,'2013-10-28 22:50:09'),
 (472,236,1,0,'2013-10-28 22:51:34'),
 (473,236,2,2,'2013-10-28 22:51:34'),
 (474,237,1,0,'2013-10-28 22:52:40'),
 (475,237,2,3,'2013-10-28 22:52:40'),
 (476,238,1,0,'2013-10-28 22:53:38'),
 (477,238,2,3,'2013-10-28 22:53:38'),
 (478,239,1,0,'2013-10-28 22:54:28'),
 (479,239,2,1,'2013-10-28 22:54:28'),
 (480,240,1,0,'2013-10-28 22:55:32'),
 (481,240,2,3,'2013-10-28 22:55:32'),
 (482,241,1,0,'2013-10-28 22:56:30'),
 (483,241,2,32,'2013-10-28 22:56:30'),
 (484,242,1,0,'2013-10-28 22:57:31'),
 (485,242,2,1,'2013-10-28 22:57:31'),
 (486,243,1,0,'2013-10-28 22:58:35'),
 (487,243,2,1,'2013-10-28 22:58:35'),
 (488,244,1,0,'2013-10-28 22:59:27'),
 (489,244,2,3,'2013-10-28 22:59:27'),
 (490,245,1,0,'2013-10-28 23:03:10'),
 (491,245,2,1,'2013-10-28 23:03:10'),
 (492,246,1,0,'2013-10-28 23:11:36'),
 (493,246,2,1,'2013-10-28 23:11:36'),
 (494,247,1,0,'2013-10-28 23:12:25'),
 (495,247,2,2,'2013-10-28 23:12:25'),
 (496,248,1,0,'2013-10-28 23:17:03'),
 (497,248,2,6,'2013-10-28 23:17:03'),
 (498,249,1,0,'2013-10-28 23:18:21'),
 (499,249,2,2,'2013-11-17 14:16:13'),
 (500,250,1,0,'2013-10-28 23:19:21'),
 (501,250,2,7,'2013-10-28 23:19:21'),
 (502,251,1,0,'2013-10-28 23:21:21'),
 (503,251,2,1,'2013-10-28 23:21:21'),
 (504,252,1,0,'2013-10-28 23:23:00'),
 (505,252,2,1,'2013-10-28 23:23:00'),
 (506,253,1,0,'2013-10-28 23:23:40'),
 (507,253,2,1,'2013-10-28 23:23:40'),
 (508,254,1,0,'2013-10-28 23:24:42'),
 (509,254,2,1,'2013-10-28 23:24:42'),
 (510,255,1,0,'2013-10-28 23:48:18'),
 (511,255,2,1,'2013-10-28 23:48:18'),
 (512,256,1,0,'2013-10-28 23:50:39'),
 (513,256,2,10,'2013-11-17 16:18:32'),
 (514,257,1,0,'2013-10-28 23:52:24'),
 (515,257,2,16,'2013-10-28 23:52:24'),
 (516,258,1,0,'2013-10-28 23:54:35'),
 (517,258,2,1,'2013-10-28 23:54:35'),
 (518,259,1,0,'2013-10-28 23:56:04'),
 (519,259,2,1,'2013-10-28 23:56:04'),
 (520,260,1,0,'2013-10-28 23:57:44'),
 (521,260,2,1,'2013-10-28 23:57:44'),
 (522,261,1,0,'2013-10-28 23:59:04'),
 (523,261,2,1,'2013-10-28 23:59:04'),
 (524,262,1,0,'2013-10-29 18:55:26'),
 (525,262,2,1,'2013-10-29 18:55:26'),
 (526,263,1,0,'2013-10-29 18:56:43'),
 (527,263,2,1,'2013-10-29 18:56:43'),
 (528,264,1,0,'2013-10-29 18:57:53'),
 (529,264,2,7,'2013-10-29 18:57:53'),
 (530,266,1,0,'2013-10-29 18:59:30'),
 (531,266,2,6,'2013-10-29 18:59:30'),
 (532,267,1,0,'2013-10-29 19:00:19'),
 (533,267,2,9,'2013-10-29 19:00:19'),
 (534,268,1,0,'2013-10-29 19:01:05'),
 (535,268,2,2,'2013-10-29 19:01:05'),
 (536,269,1,0,'2013-10-29 19:01:56'),
 (537,269,2,1,'2013-10-29 19:01:56'),
 (538,270,1,0,'2013-10-29 19:02:54'),
 (539,270,2,9,'2013-10-29 19:02:54'),
 (540,271,1,0,'2013-10-29 20:28:39'),
 (541,271,2,10,'2013-10-29 20:28:39'),
 (542,272,1,0,'2013-10-29 20:29:39'),
 (543,272,2,3,'2013-10-29 20:29:39'),
 (544,274,1,0,'2013-10-29 20:31:46'),
 (545,274,2,4,'2013-10-29 20:31:46'),
 (546,275,1,0,'2013-10-29 20:33:24'),
 (547,275,2,2,'2013-10-29 20:33:24'),
 (548,276,1,0,'2013-10-30 20:27:00'),
 (549,276,2,584,'2013-11-17 14:41:35'),
 (550,277,1,0,'2013-10-30 20:32:27'),
 (551,277,2,1,'2013-10-30 20:32:27'),
 (552,278,1,0,'2013-10-30 20:36:56'),
 (553,278,2,1,'2013-10-30 20:36:56'),
 (554,279,1,0,'2013-10-30 20:38:21'),
 (555,279,2,2,'2013-10-30 20:38:21'),
 (556,280,1,0,'2013-10-30 20:40:55'),
 (557,280,2,1,'2013-10-30 20:40:55'),
 (558,281,1,0,'2013-10-30 20:42:10'),
 (559,281,2,1,'2013-10-30 20:42:10'),
 (560,282,1,0,'2013-10-30 20:43:20'),
 (561,282,2,1,'2013-10-30 20:43:20'),
 (562,283,1,0,'2013-10-30 20:44:58'),
 (563,283,2,3,'2013-10-30 20:44:58'),
 (564,284,1,0,'2013-10-30 20:46:33'),
 (565,284,2,1,'2013-10-30 20:46:33'),
 (566,285,1,0,'2013-10-30 21:02:47'),
 (567,285,2,4,'2013-10-30 21:02:47'),
 (568,286,1,0,'2013-10-31 23:26:28'),
 (569,286,2,6,'2013-10-31 23:26:28'),
 (570,287,1,0,'2013-10-31 23:50:40'),
 (571,287,2,3,'2013-10-31 23:50:40'),
 (572,288,1,0,'2013-10-31 23:52:40'),
 (573,288,2,11,'2013-10-31 23:52:40'),
 (574,289,1,0,'2013-10-31 23:55:03'),
 (575,289,2,1,'2013-10-31 23:55:03'),
 (576,290,1,0,'2013-10-31 23:56:20'),
 (577,290,2,1,'2013-10-31 23:56:20'),
 (578,291,1,0,'2013-10-31 23:57:42'),
 (579,291,2,1,'2013-10-31 23:57:42'),
 (580,292,1,0,'2013-10-31 23:58:58'),
 (581,292,2,1,'2013-10-31 23:58:58'),
 (582,293,1,0,'2013-11-01 00:07:31'),
 (583,293,2,2,'2013-11-01 00:07:31'),
 (584,294,1,47,'2013-11-01 00:09:10'),
 (585,294,2,65,'2013-11-01 00:09:10'),
 (586,295,1,1,'2013-11-03 18:51:49'),
 (587,295,2,5,'2013-11-03 18:51:49'),
 (588,297,1,1,'2013-11-03 19:14:04'),
 (589,297,2,0,'2013-11-03 19:14:04'),
 (590,298,1,1,'2013-11-03 19:17:53'),
 (591,298,2,0,'2013-11-03 19:17:53'),
 (592,299,1,3,'2013-11-03 19:25:42'),
 (593,299,2,0,'2013-11-03 19:25:42'),
 (594,300,1,3,'2013-11-03 19:57:55'),
 (595,300,2,0,'2013-11-03 19:57:55'),
 (596,301,1,3,'2013-11-03 20:14:02'),
 (597,301,2,0,'2013-11-03 20:14:02'),
 (598,302,1,4,'2013-11-03 20:23:32'),
 (599,302,2,0,'2013-11-03 20:23:32'),
 (600,303,1,4,'2013-11-03 20:33:06'),
 (601,303,2,0,'2013-11-03 20:33:06'),
 (602,304,1,2,'2013-11-03 20:39:56'),
 (603,304,2,0,'2013-11-03 20:39:56'),
 (604,305,1,0,'2013-11-04 20:00:04'),
 (605,305,2,10,'2013-11-04 20:00:04'),
 (606,306,1,0,'2013-11-04 20:24:21'),
 (607,306,2,7,'2013-11-04 20:24:21'),
 (608,307,1,0,'2013-11-04 20:38:26'),
 (609,307,2,7,'2013-11-04 20:38:26'),
 (610,308,1,0,'2013-11-04 20:54:37'),
 (611,308,2,106,'2013-11-04 20:54:37'),
 (612,309,1,0,'2013-11-04 21:05:45'),
 (613,309,2,14,'2013-11-04 21:05:45'),
 (614,310,1,0,'2013-11-04 21:12:08'),
 (615,310,2,6,'2013-11-04 21:12:08'),
 (616,311,1,0,'2013-11-04 21:34:44'),
 (617,311,2,68,'2013-11-04 21:34:44'),
 (618,312,1,0,'2013-11-05 22:56:50'),
 (619,312,2,320,'2013-11-05 22:56:50'),
 (620,313,1,0,'2013-11-05 23:08:03'),
 (621,313,2,15,'2013-11-05 23:08:03'),
 (622,314,1,0,'2013-11-09 00:12:23'),
 (623,314,2,70,'2013-11-09 00:12:23'),
 (624,315,1,0,'2013-11-09 00:14:59'),
 (625,315,2,47,'2013-11-16 19:07:11'),
 (626,316,1,0,'2013-11-09 00:17:30'),
 (627,316,2,111,'2013-11-17 14:04:29'),
 (628,317,1,0,'2013-11-09 00:34:28'),
 (629,317,2,55,'2013-11-09 00:34:28'),
 (630,318,1,0,'2013-11-15 15:19:02'),
 (631,318,2,24,'2013-11-15 15:19:02'),
 (632,319,1,0,'2013-11-15 15:21:20'),
 (633,319,2,21,'2013-11-15 15:21:20'),
 (634,320,1,0,'2013-11-15 15:33:45'),
 (635,320,2,44,'2013-11-15 15:33:45'),
 (636,321,1,0,'2013-11-15 15:52:57'),
 (637,321,2,3,'2013-11-15 15:52:57'),
 (638,322,1,0,'2013-11-15 15:55:24'),
 (639,322,2,2,'2013-11-15 15:55:24'),
 (640,323,1,0,'2013-11-15 16:14:09'),
 (641,323,2,4,'2013-11-15 16:14:09'),
 (642,324,1,0,'2013-11-15 16:15:59'),
 (643,324,2,12,'2013-11-15 16:15:59'),
 (644,325,1,0,'2013-11-15 16:18:17'),
 (645,325,2,11,'2013-11-15 16:18:17'),
 (646,326,1,0,'2013-11-15 16:26:17'),
 (647,326,2,22,'2013-11-15 16:26:17'),
 (648,327,1,0,'2013-11-15 16:37:31'),
 (649,327,2,11,'2013-11-15 16:37:31'),
 (650,328,1,0,'2013-11-15 16:41:12'),
 (651,328,2,2,'2013-11-15 16:41:12'),
 (652,329,1,0,'2013-11-15 16:43:59'),
 (653,329,2,4,'2013-11-15 16:43:59'),
 (654,330,1,0,'2013-11-15 16:53:46'),
 (655,330,2,6,'2013-11-15 16:53:46'),
 (656,331,1,0,'2013-11-15 16:56:07'),
 (657,331,2,21,'2013-11-15 16:56:07'),
 (658,332,1,0,'2013-11-15 16:59:02'),
 (659,332,2,4,'2013-11-15 16:59:02'),
 (660,333,1,0,'2013-11-15 17:00:32'),
 (661,333,2,3,'2013-11-15 17:00:32'),
 (662,334,1,0,'2013-11-15 17:02:26'),
 (663,334,2,4,'2013-11-15 17:02:26'),
 (664,335,1,2,'2013-11-15 17:31:43'),
 (665,335,2,0,'2013-11-15 17:31:43'),
 (666,336,1,0,'2013-11-15 17:35:47'),
 (667,336,2,2,'2013-11-15 17:35:47'),
 (668,337,1,0,'2013-11-15 18:11:23'),
 (669,337,2,6,'2013-11-15 18:11:23'),
 (670,338,1,0,'2013-11-15 18:15:32'),
 (671,338,2,1,'2013-11-15 18:15:32'),
 (672,339,1,0,'2013-11-15 18:18:16'),
 (673,339,2,1,'2013-11-15 18:18:16'),
 (674,340,1,0,'2013-11-15 18:21:33'),
 (675,340,2,0,'2013-11-15 18:21:33'),
 (676,341,1,0,'2013-11-15 18:22:23'),
 (677,341,2,20,'2013-11-17 14:46:18'),
 (678,342,1,0,'2013-11-15 18:22:58'),
 (679,342,2,0,'2013-11-15 18:22:58'),
 (680,343,1,0,'2013-11-15 18:23:47'),
 (681,343,2,0,'2013-11-15 18:23:47'),
 (682,344,1,0,'2013-11-15 18:24:22'),
 (683,344,2,0,'2013-11-15 18:24:22'),
 (684,345,1,0,'2013-11-15 18:25:17'),
 (685,345,2,0,'2013-11-15 18:25:17'),
 (686,346,1,0,'2013-11-16 18:07:32'),
 (687,346,2,0,'2013-11-17 16:34:01'),
 (688,347,1,0,'2013-11-16 19:41:42'),
 (689,347,2,0,'2013-11-16 19:43:46'),
 (690,348,1,0,'2013-11-16 22:17:32'),
 (691,348,2,1,'2013-11-16 22:22:25'),
 (692,349,1,0,'2013-11-16 22:45:01'),
 (693,349,2,0,'2013-11-16 22:46:44'),
 (694,350,1,0,'2013-11-17 13:58:40'),
 (695,350,2,0,'2013-11-17 14:01:29'),
 (696,351,1,0,'2013-11-17 14:07:37'),
 (697,351,2,0,'2013-11-17 14:14:38'),
 (698,352,1,0,'2013-11-17 14:24:56'),
 (699,352,2,0,'2013-11-17 14:26:30'),
 (700,353,1,0,'2013-11-17 15:51:23'),
 (701,353,2,0,'2013-11-17 16:31:31'),
 (702,354,1,0,'2013-11-17 16:17:13'),
 (703,354,2,0,'2013-11-17 16:18:32'),
 (704,355,1,0,'2013-11-17 16:24:41'),
 (705,355,2,0,'2013-11-17 16:26:16');
/*!40000 ALTER TABLE `estoque` ENABLE KEYS */;


--
-- Definition of table `fornecedor`
--

DROP TABLE IF EXISTS `fornecedor`;
CREATE TABLE `fornecedor` (
  `id` int(11) NOT NULL AUTO_INCREMENT,
  `descricao` varchar(256) DEFAULT NULL,
  `fone` varchar(128) DEFAULT NULL,
  `email` varchar(256) DEFAULT NULL,
  `localizacao` varchar(256) DEFAULT 'Nao Cadastrado',
  `ativo` varchar(5) DEFAULT 'Sim',
  PRIMARY KEY (`id`)
) ENGINE=InnoDB AUTO_INCREMENT=58 DEFAULT CHARSET=utf8;

--
-- Dumping data for table `fornecedor`
--

/*!40000 ALTER TABLE `fornecedor` DISABLE KEYS */;
INSERT INTO `fornecedor` (`id`,`descricao`,`fone`,`email`,`localizacao`,`ativo`) VALUES 
 (56,'1 Fornecedor Para Registro sem fornecedor','Não cadastrado','Não cadastrado','Não cadastrado','Sim'),
 (57,'São Paulo_Carga Inicial','5132138160','lojacharmepresentes@gmail.com','São Paulo','Sim');
/*!40000 ALTER TABLE `fornecedor` ENABLE KEYS */;


--
-- Definition of table `item`
--

DROP TABLE IF EXISTS `item`;
CREATE TABLE `item` (
  `id` int(11) NOT NULL AUTO_INCREMENT,
  `movimento_id` int(11) NOT NULL,
  `estoque_id` int(11) NOT NULL,
  `valor_unit` double(6,2) DEFAULT NULL,
  `desconto_concedido` int(11) DEFAULT NULL,
  `quantidade` int(11) DEFAULT NULL,
  `custo` double(6,2) DEFAULT NULL,
  `valor_total` double(8,2) DEFAULT NULL,
  `update` timestamp NULL DEFAULT NULL,
  `preco_normal` double(6,2) DEFAULT NULL,
  `preco_promo` double(6,2) DEFAULT NULL,
  PRIMARY KEY (`id`),
  KEY `fk_item_movimento1_idx` (`movimento_id`),
  KEY `fk_item_estoque1_idx` (`estoque_id`),
  CONSTRAINT `fk_item_estoque1` FOREIGN KEY (`estoque_id`) REFERENCES `estoque` (`id`) ON DELETE NO ACTION ON UPDATE CASCADE,
  CONSTRAINT `fk_item_movimento1` FOREIGN KEY (`movimento_id`) REFERENCES `movimento` (`id`) ON DELETE NO ACTION ON UPDATE CASCADE
) ENGINE=InnoDB AUTO_INCREMENT=555 DEFAULT CHARSET=utf8;

--
-- Dumping data for table `item`
--

/*!40000 ALTER TABLE `item` DISABLE KEYS */;
INSERT INTO `item` (`id`,`movimento_id`,`estoque_id`,`valor_unit`,`desconto_concedido`,`quantidade`,`custo`,`valor_total`,`update`,`preco_normal`,`preco_promo`) VALUES 
 (2,9,57,0.10,0,1,0.10,0.10,'2013-10-26 18:06:34',0.00,0.00),
 (3,9,57,0.10,0,1,0.10,0.10,'2013-10-26 18:06:34',0.00,0.00),
 (4,9,57,0.10,0,1,0.10,0.10,'2013-10-26 18:06:34',0.00,0.00),
 (5,9,57,0.10,0,1,0.10,0.10,'2013-10-26 18:06:34',0.00,0.00),
 (7,11,61,7.50,0,33,7.50,247.50,'2013-10-26 18:10:40',0.00,0.00),
 (8,11,59,9.50,0,182,9.50,1729.00,'2013-10-26 18:10:40',0.00,0.00),
 (9,12,65,31.94,0,1,31.94,31.94,'2013-10-27 16:17:14',0.00,0.00),
 (10,13,67,38.28,0,7,38.28,267.96,'2013-10-27 16:20:51',0.00,0.00),
 (11,14,69,40.60,0,4,40.60,162.40,'2013-10-27 16:24:14',0.00,0.00),
 (12,15,71,41.46,0,4,41.46,165.84,'2013-10-27 16:44:09',0.00,0.00),
 (13,16,73,32.48,0,3,32.48,97.44,'2013-10-27 16:49:53',0.00,0.00),
 (14,16,75,40.60,0,1,40.60,40.60,'2013-10-27 16:49:53',0.00,0.00),
 (15,16,77,42.00,0,1,42.00,42.00,'2013-10-27 16:49:53',0.00,0.00),
 (16,16,79,36.00,0,1,36.00,36.00,'2013-10-27 16:49:53',0.00,0.00),
 (17,16,81,39.60,0,1,39.60,39.60,'2013-10-27 16:49:53',0.00,0.00),
 (18,16,83,31.94,0,1,31.94,31.94,'2013-10-27 16:49:53',0.00,0.00),
 (19,16,85,32.48,0,1,32.48,32.48,'2013-10-27 16:49:53',0.00,0.00),
 (20,16,87,33.60,0,1,33.60,33.60,'2013-10-27 16:49:53',0.00,0.00),
 (21,16,89,51.60,0,1,51.60,51.60,'2013-10-27 16:49:53',0.00,0.00),
 (22,16,91,30.00,0,1,30.00,30.00,'2013-10-27 16:49:53',0.00,0.00),
 (23,16,93,36.00,0,2,36.00,72.00,'2013-10-27 16:49:53',0.00,0.00),
 (24,16,95,31.94,0,1,31.94,31.94,'2013-10-27 16:49:53',0.00,0.00),
 (25,16,97,31.94,0,3,31.94,95.82,'2013-10-27 16:49:53',0.00,0.00),
 (26,16,99,48.00,0,1,48.00,48.00,'2013-10-27 16:49:53',0.00,0.00),
 (27,17,101,12.11,0,4,12.11,48.44,'2013-10-27 16:52:30',0.00,0.00),
 (28,17,103,12.11,0,1,12.11,12.11,'2013-10-27 16:52:30',0.00,0.00),
 (29,18,105,48.00,0,1,48.00,48.00,'2013-10-27 17:35:43',0.00,0.00),
 (30,18,107,54.00,0,2,54.00,108.00,'2013-10-27 17:35:43',0.00,0.00),
 (31,18,109,54.00,0,1,54.00,54.00,'2013-10-27 17:35:43',0.00,0.00),
 (32,18,111,48.00,0,1,48.00,48.00,'2013-10-27 17:35:43',0.00,0.00),
 (33,18,113,54.00,0,5,54.00,270.00,'2013-10-27 17:35:43',0.00,0.00),
 (34,18,115,42.00,0,1,42.00,42.00,'2013-10-27 17:35:43',0.00,0.00),
 (35,18,117,2.00,0,2,2.00,4.00,'2013-10-27 17:35:43',0.00,0.00),
 (36,18,119,54.00,0,1,54.00,54.00,'2013-10-27 17:35:43',0.00,0.00),
 (37,18,121,48.43,0,1,48.43,48.43,'2013-10-27 17:35:43',0.00,0.00),
 (38,18,123,42.38,0,1,42.38,42.38,'2013-10-27 17:35:43',0.00,0.00),
 (39,18,125,48.00,0,1,48.00,48.00,'2013-10-27 17:35:43',0.00,0.00),
 (40,18,127,48.00,0,2,48.00,96.00,'2013-10-27 17:35:43',0.00,0.00),
 (41,18,129,48.00,0,2,48.00,96.00,'2013-10-27 17:35:43',0.00,0.00),
 (42,18,131,54.00,0,1,54.00,54.00,'2013-10-27 17:35:43',0.00,0.00),
 (43,18,133,49.88,0,1,49.88,49.88,'2013-10-27 17:35:43',0.00,0.00),
 (44,18,135,48.00,0,1,48.00,48.00,'2013-10-27 17:35:43',0.00,0.00),
 (45,18,137,51.60,0,2,51.60,103.20,'2013-10-27 17:35:43',0.00,0.00),
 (46,18,139,48.43,0,1,48.43,48.43,'2013-10-27 17:35:43',0.00,0.00),
 (47,18,141,40.00,0,1,40.00,40.00,'2013-10-27 17:35:43',0.00,0.00),
 (48,18,143,2.75,0,3,2.75,8.25,'2013-10-27 17:35:43',0.00,0.00),
 (49,18,145,2.86,0,2,2.86,5.72,'2013-10-27 17:35:43',0.00,0.00),
 (50,19,147,5.65,0,23,5.65,129.95,'2013-10-27 17:54:05',0.00,0.00),
 (51,20,149,2.00,0,94,2.00,188.00,'2013-10-27 18:02:24',0.00,0.00),
 (52,21,151,0.87,0,50,0.87,43.50,'2013-10-27 18:04:07',0.00,0.00),
 (53,22,153,1.98,0,62,1.98,122.76,'2013-10-27 18:41:55',0.00,0.00),
 (54,22,155,1.88,0,56,1.88,105.28,'2013-10-27 18:41:55',0.00,0.00),
 (55,22,157,1.88,0,1,1.88,1.88,'2013-10-27 18:41:55',0.00,0.00),
 (56,22,159,3.00,0,256,3.00,768.00,'2013-10-27 18:41:55',0.00,0.00),
 (57,22,167,6.00,0,2,6.00,12.00,'2013-10-27 18:41:55',0.00,0.00),
 (58,22,165,4.80,0,1,4.80,4.80,'2013-10-27 18:41:55',0.00,0.00),
 (59,22,161,3.60,0,28,3.60,100.80,'2013-10-27 18:41:55',0.00,0.00),
 (60,22,169,7.20,0,2,7.20,14.40,'2013-10-27 18:41:55',0.00,0.00),
 (61,22,179,9.45,0,2,9.45,18.90,'2013-10-27 18:41:55',0.00,0.00),
 (62,22,163,6.00,0,1,6.00,6.00,'2013-10-27 18:41:55',0.00,0.00),
 (64,22,185,9.60,0,2,9.60,19.20,'2013-10-27 18:41:55',0.00,0.00),
 (65,22,183,6.00,0,4,6.00,24.00,'2013-10-27 18:41:55',0.00,0.00),
 (66,22,177,5.50,0,3,5.50,16.50,'2013-10-27 18:41:55',0.00,0.00),
 (67,23,187,1.45,0,7,1.45,10.15,'2013-10-27 18:47:52',0.00,0.00),
 (68,23,197,2.38,0,9,2.38,21.42,'2013-10-27 18:47:52',0.00,0.00),
 (69,23,191,2.39,0,12,2.39,28.68,'2013-10-27 18:47:52',0.00,0.00),
 (70,23,205,6.00,0,1,6.00,6.00,'2013-10-27 18:47:52',0.00,0.00),
 (71,23,193,2.39,0,10,2.39,23.90,'2013-10-27 18:47:52',0.00,0.00),
 (72,23,195,3.58,0,1,3.58,3.58,'2013-10-27 18:47:52',0.00,0.00),
 (73,23,189,6.32,0,8,6.32,50.56,'2013-10-27 18:47:52',0.00,0.00),
 (74,23,199,1.91,0,5,1.91,9.55,'2013-10-27 18:47:52',0.00,0.00),
 (75,23,201,2.90,0,2,2.90,5.80,'2013-10-27 18:47:52',0.00,0.00),
 (76,23,203,1.93,0,2,1.93,3.86,'2013-10-27 18:47:52',0.00,0.00),
 (77,24,173,0.96,0,3,0.96,2.88,'2013-10-27 18:51:31',0.00,0.00),
 (78,24,171,3.60,0,3,3.60,10.80,'2013-10-27 18:51:31',0.00,0.00),
 (79,25,175,8.45,0,1,8.45,8.45,'2013-10-27 18:52:39',0.00,0.00),
 (80,26,181,12.45,0,3,12.45,37.35,'2013-10-27 18:53:35',0.00,0.00),
 (81,27,245,8.50,0,10,8.50,85.00,'2013-10-27 19:52:15',0.00,0.00),
 (82,27,231,16.00,0,1,16.00,16.00,'2013-10-27 19:52:15',0.00,0.00),
 (83,27,253,5.90,0,1,5.90,5.90,'2013-10-27 19:52:15',0.00,0.00),
 (84,27,239,5.80,0,7,5.80,40.60,'2013-10-27 19:52:15',0.00,0.00),
 (85,27,225,7.00,0,5,7.00,35.00,'2013-10-27 19:52:15',0.00,0.00),
 (86,27,247,4.00,0,6,4.00,24.00,'2013-10-27 19:52:15',0.00,0.00),
 (87,27,233,9.60,0,2,9.60,19.20,'2013-10-27 19:52:15',0.00,0.00),
 (88,27,255,10.00,0,1,10.00,10.00,'2013-10-27 19:52:15',0.00,0.00),
 (89,27,241,7.00,0,4,7.00,28.00,'2013-10-27 19:52:15',0.00,0.00),
 (90,27,249,8.00,0,1,8.00,8.00,'2013-10-27 19:52:15',0.00,0.00),
 (91,27,235,6.00,0,2,6.00,12.00,'2013-10-27 19:52:15',0.00,0.00),
 (92,27,229,7.00,0,5,7.00,35.00,'2013-10-27 19:52:15',0.00,0.00),
 (93,27,251,9.69,0,1,9.69,9.69,'2013-10-27 19:52:15',0.00,0.00),
 (94,27,237,12.00,0,1,12.00,12.00,'2013-10-27 19:52:15',0.00,0.00),
 (95,27,243,6.00,0,1,6.00,6.00,'2013-10-27 19:52:15',0.00,0.00),
 (96,28,209,5.80,0,4,5.80,23.20,'2013-10-27 19:55:24',0.00,0.00),
 (97,28,221,3.45,0,28,3.45,96.60,'2013-10-27 19:55:24',0.00,0.00),
 (98,28,211,4.31,0,13,4.31,56.03,'2013-10-27 19:55:24',0.00,0.00),
 (99,28,223,3.45,0,7,3.45,24.15,'2013-10-27 19:55:24',0.00,0.00),
 (100,28,213,1.32,0,62,1.32,81.84,'2013-10-27 19:55:24',0.00,0.00),
 (101,28,215,1.20,0,37,1.20,44.40,'2013-10-27 19:55:24',0.00,0.00),
 (102,29,207,6.00,0,2,6.00,12.00,'2013-10-27 19:57:11',0.00,0.00),
 (103,29,217,3.00,0,21,3.00,63.00,'2013-10-27 19:57:11',0.00,0.00),
 (104,29,219,4.00,0,4,4.00,16.00,'2013-10-27 19:57:11',0.00,0.00),
 (105,30,257,6.94,0,3,6.94,20.82,'2013-10-27 21:51:23',0.00,0.00),
 (106,31,259,8.00,0,1,8.00,8.00,'2013-10-27 21:58:26',0.00,0.00),
 (107,32,261,13.08,0,26,13.08,340.08,'2013-10-27 22:24:28',0.00,0.00),
 (108,32,263,14.92,0,35,14.92,522.20,'2013-10-27 22:24:28',0.00,0.00),
 (109,32,265,12.76,0,6,12.76,76.56,'2013-10-27 22:24:28',0.00,0.00),
 (110,33,267,3.16,0,17,3.16,53.72,'2013-10-27 22:24:42',0.00,0.00),
 (111,34,269,6.00,0,17,6.00,102.00,'2013-10-27 22:33:59',0.00,0.00),
 (112,34,271,4.80,0,6,4.80,28.80,'2013-10-27 22:33:59',0.00,0.00),
 (113,34,273,8.12,0,5,8.12,40.60,'2013-10-27 22:33:59',0.00,0.00),
 (114,34,275,3.84,0,1,3.84,3.84,'2013-10-27 22:33:59',0.00,0.00),
 (115,35,277,5.00,0,81,5.00,405.00,'2013-10-27 22:37:06',0.00,0.00),
 (116,36,279,10.17,0,1,10.17,10.17,'2013-10-27 22:43:21',0.00,0.00),
 (117,36,281,11.67,0,2,11.67,23.34,'2013-10-27 22:43:21',0.00,0.00),
 (118,37,283,2.14,0,426,2.14,911.64,'2013-10-27 23:08:32',0.00,0.00),
 (119,38,285,3.39,0,3,3.39,10.17,'2013-10-27 23:14:29',0.00,0.00),
 (120,38,295,9.34,0,5,9.34,46.70,'2013-10-27 23:14:29',0.00,0.00),
 (121,38,287,3.74,0,22,3.74,82.28,'2013-10-27 23:14:29',0.00,0.00),
 (122,38,297,3.44,0,5,3.44,17.20,'2013-10-27 23:14:29',0.00,0.00),
 (123,38,299,9.83,0,6,9.83,58.98,'2013-10-27 23:14:29',0.00,0.00),
 (124,38,289,2.40,0,1,2.40,2.40,'2013-10-27 23:14:29',0.00,0.00),
 (125,38,293,2.40,0,2,2.40,4.80,'2013-10-27 23:14:29',0.00,0.00),
 (126,38,291,9.00,0,2,9.00,18.00,'2013-10-27 23:14:29',0.00,0.00),
 (127,39,307,3.69,0,1,3.69,3.69,'2013-10-27 23:31:51',0.00,0.00),
 (128,39,301,18.50,0,1,18.50,18.50,'2013-10-27 23:31:51',0.00,0.00),
 (129,39,309,4.60,0,3,4.60,13.80,'2013-10-27 23:31:51',0.00,0.00),
 (130,39,311,4.06,0,1,4.06,4.06,'2013-10-27 23:31:51',0.00,0.00),
 (131,39,305,3.69,0,46,3.69,169.74,'2013-10-27 23:31:51',0.00,0.00),
 (132,39,313,4.06,0,1,4.06,4.06,'2013-10-27 23:31:51',0.00,0.00),
 (133,39,303,3.54,0,6,3.54,21.24,'2013-10-27 23:31:51',0.00,0.00),
 (134,40,163,5.00,0,1,5.00,5.00,'2013-10-28 23:15:52',0.00,0.00),
 (135,40,495,5.00,0,2,5.00,10.00,'2013-10-28 23:15:52',0.00,0.00),
 (136,40,493,5.00,0,1,5.00,5.00,'2013-10-28 23:15:52',0.00,0.00),
 (137,41,509,10.00,0,1,10.00,10.00,'2013-10-28 23:30:37',0.00,0.00),
 (138,41,507,10.00,0,1,10.00,10.00,'2013-10-28 23:30:37',0.00,0.00),
 (139,41,505,18.30,0,1,18.30,18.30,'2013-10-28 23:30:37',0.00,0.00),
 (140,41,503,22.00,0,1,22.00,22.00,'2013-10-28 23:30:37',0.00,0.00),
 (141,41,501,9.00,0,7,9.00,63.00,'2013-10-28 23:30:37',0.00,0.00),
 (142,41,499,5.00,0,3,5.00,15.00,'2013-10-28 23:30:37',0.00,0.00),
 (143,42,487,7.00,0,1,7.00,7.00,'2013-10-28 23:43:21',0.00,0.00),
 (144,42,485,20.00,0,1,20.00,20.00,'2013-10-28 23:43:21',0.00,0.00),
 (145,42,481,3.98,0,3,3.98,11.94,'2013-10-28 23:43:21',0.00,0.00),
 (146,42,479,3.50,0,1,3.50,3.50,'2013-10-28 23:43:21',0.00,0.00),
 (147,42,477,4.80,0,3,4.80,14.40,'2013-10-28 23:43:21',0.00,0.00),
 (148,42,473,3.30,0,2,3.30,6.60,'2013-10-28 23:43:21',0.00,0.00),
 (149,42,471,6.00,0,2,6.00,12.00,'2013-10-28 23:43:21',0.00,0.00),
 (150,42,469,5.00,0,1,5.00,5.00,'2013-10-28 23:43:21',0.00,0.00),
 (151,42,467,2.50,0,1,2.50,2.50,'2013-10-28 23:43:21',0.00,0.00),
 (152,42,465,5.00,0,2,5.00,10.00,'2013-10-28 23:43:21',0.00,0.00),
 (153,42,463,5.00,0,1,5.00,5.00,'2013-10-28 23:43:21',0.00,0.00),
 (154,43,489,2.99,0,3,2.99,8.97,'2013-10-28 23:45:49',0.00,0.00),
 (155,43,483,3.29,0,5,3.29,16.45,'2013-10-28 23:45:50',0.00,0.00),
 (156,43,475,5.00,0,3,5.00,15.00,'2013-10-28 23:45:50',0.00,0.00),
 (157,44,511,5.00,0,1,5.00,5.00,'2013-10-29 00:00:01',0.00,0.00),
 (158,45,539,1.08,0,9,1.08,9.72,'2013-10-29 19:19:10',0.00,0.00),
 (159,45,529,2.40,0,4,2.40,9.60,'2013-10-29 19:19:10',0.00,0.00),
 (160,45,531,4.60,0,6,4.60,27.60,'2013-10-29 19:19:10',0.00,0.00),
 (162,45,535,3.00,0,2,3.00,6.00,'2013-10-29 19:19:10',0.00,0.00),
 (163,45,525,5.50,0,1,5.50,5.50,'2013-10-29 19:19:10',0.00,0.00),
 (165,45,533,4.60,0,9,4.60,41.40,'2013-10-29 19:19:10',0.00,0.00),
 (166,45,537,5.09,0,1,5.09,5.09,'2013-10-29 19:19:10',0.00,0.00),
 (167,46,519,14.30,0,1,14.30,14.30,'2013-10-29 20:16:31',0.00,0.00),
 (168,46,521,15.66,0,1,15.66,15.66,'2013-10-29 20:16:31',0.00,0.00),
 (169,46,513,2.39,0,1,2.39,2.39,'2013-10-29 20:16:31',0.00,0.00),
 (170,46,523,24.99,0,1,24.99,24.99,'2013-10-29 20:16:31',0.00,0.00),
 (171,46,517,20.96,0,1,20.96,20.96,'2013-10-29 20:16:31',0.00,0.00),
 (172,47,515,3.44,0,16,3.44,55.04,'2013-10-29 20:26:30',0.00,0.00),
 (173,48,545,4.81,0,1,4.81,4.81,'2013-10-29 20:39:47',0.00,0.00),
 (174,48,547,14.99,0,2,14.99,29.98,'2013-10-29 20:39:47',0.00,0.00),
 (175,48,541,4.81,0,7,4.81,33.67,'2013-10-29 20:39:47',0.00,0.00),
 (176,48,543,15.84,0,3,15.84,47.52,'2013-10-29 20:39:47',0.00,0.00),
 (177,49,315,23.90,0,4,23.90,95.60,'2013-10-29 21:21:16',0.00,0.00),
 (178,49,317,18.56,0,8,18.56,148.48,'2013-10-29 21:21:16',0.00,0.00),
 (179,49,319,20.88,0,10,20.88,208.80,'2013-10-29 21:21:16',0.00,0.00),
 (180,49,321,23.90,0,5,23.90,119.50,'2013-10-29 21:21:16',0.00,0.00),
 (181,49,323,10.80,0,25,10.80,270.00,'2013-10-29 21:21:16',0.00,0.00),
 (182,49,325,22.00,0,5,22.00,110.00,'2013-10-29 21:21:16',0.00,0.00),
 (183,49,327,23.90,0,17,23.90,406.30,'2013-10-29 21:21:16',0.00,0.00),
 (184,49,329,22.60,0,2,22.60,45.20,'2013-10-29 21:21:16',0.00,0.00),
 (185,49,331,10.17,0,4,10.17,40.68,'2013-10-29 21:21:16',0.00,0.00),
 (186,49,333,9.04,0,2,9.04,18.08,'2013-10-29 21:21:16',0.00,0.00),
 (187,49,335,20.40,0,2,20.40,40.80,'2013-10-29 21:21:16',0.00,0.00),
 (188,49,337,20.88,0,1,20.88,20.88,'2013-10-29 21:21:16',0.00,0.00),
 (189,49,339,20.88,0,2,20.88,41.76,'2013-10-29 21:21:16',0.00,0.00),
 (190,49,341,22.00,0,1,22.00,22.00,'2013-10-29 21:21:16',0.00,0.00),
 (192,50,355,24.00,0,1,24.00,24.00,'2013-10-29 22:24:16',0.00,0.00),
 (193,50,459,10.00,0,2,10.00,20.00,'2013-10-29 22:24:16',0.00,0.00),
 (194,50,455,9.00,0,10,9.00,90.00,'2013-10-29 22:24:16',0.00,0.00),
 (195,50,453,10.00,0,10,10.00,100.00,'2013-10-29 22:24:17',0.00,0.00),
 (196,50,451,22.00,0,1,22.00,22.00,'2013-10-29 22:24:17',0.00,0.00),
 (197,50,449,23.90,0,7,23.90,167.30,'2013-10-29 22:24:17',0.00,0.00),
 (198,50,447,23.90,0,2,23.90,47.80,'2013-10-29 22:24:17',0.00,0.00),
 (199,50,357,23.90,0,2,23.90,47.80,'2013-10-29 22:24:17',0.00,0.00),
 (200,50,353,22.60,0,1,22.60,22.60,'2013-10-29 22:24:17',0.00,0.00),
 (201,50,351,22.60,0,1,22.60,22.60,'2013-10-29 22:24:17',0.00,0.00),
 (202,50,457,12.00,0,1,12.00,12.00,'2013-10-29 22:24:17',0.00,0.00),
 (203,50,343,23.90,0,5,23.90,119.50,'2013-10-29 22:24:17',0.00,0.00),
 (204,50,345,12.00,0,20,12.00,240.00,'2013-10-29 22:24:17',0.00,0.00),
 (205,50,349,9.04,0,1,9.04,9.04,'2013-10-29 22:24:17',0.00,0.00),
 (206,50,347,16.80,0,2,16.80,33.60,'2013-10-29 22:24:17',0.00,0.00),
 (207,51,461,12.00,0,2,12.00,24.00,'2013-10-29 22:28:54',0.00,0.00),
 (208,52,361,5.00,0,1,5.00,5.00,'2013-10-29 23:05:27',0.00,0.00),
 (209,52,365,3.13,0,3,3.13,9.39,'2013-10-29 23:05:27',0.00,0.00),
 (210,52,367,4.83,0,1,4.83,4.83,'2013-10-29 23:05:27',0.00,0.00),
 (211,52,369,3.13,0,2,3.13,6.26,'2013-10-29 23:05:27',0.00,0.00),
 (212,53,379,1.46,0,42,1.46,61.32,'2013-10-29 23:06:01',0.00,0.00),
 (213,54,393,6.00,0,3,6.00,18.00,'2013-10-29 23:06:28',0.00,0.00),
 (214,55,371,2.60,0,4,2.60,10.40,'2013-10-29 23:12:34',0.00,0.00),
 (215,55,373,5.00,0,1,5.00,5.00,'2013-10-29 23:12:34',0.00,0.00),
 (216,55,467,1.79,0,1,1.79,1.79,'2013-10-29 23:12:34',0.00,0.00),
 (217,55,375,6.60,0,1,6.60,6.60,'2013-10-29 23:12:34',0.00,0.00),
 (218,55,377,3.20,0,7,3.20,22.40,'2013-10-29 23:12:34',0.00,0.00),
 (219,56,391,2.00,0,23,2.00,46.00,'2013-10-29 23:20:32',0.00,0.00),
 (220,56,381,3.00,0,3,3.00,9.00,'2013-10-29 23:20:32',0.00,0.00),
 (221,56,385,0.96,0,6,0.96,5.76,'2013-10-29 23:20:32',0.00,0.00),
 (222,56,383,1.15,0,30,1.15,34.50,'2013-10-29 23:20:32',0.00,0.00),
 (223,56,387,1.43,0,2,1.43,2.86,'2013-10-29 23:20:32',0.00,0.00),
 (224,56,389,2.40,0,2,2.40,4.80,'2013-10-29 23:20:32',0.00,0.00),
 (225,57,445,14.57,0,1,14.57,14.57,'2013-10-29 23:30:42',0.00,0.00),
 (226,57,443,7.33,0,1,7.33,7.33,'2013-10-29 23:30:42',0.00,0.00),
 (227,57,441,12.45,0,1,12.45,12.45,'2013-10-29 23:30:42',0.00,0.00),
 (228,57,435,12.45,0,2,12.45,24.90,'2013-10-29 23:30:42',0.00,0.00),
 (229,57,433,12.90,0,1,12.90,12.90,'2013-10-29 23:30:42',0.00,0.00),
 (230,57,437,9.45,0,3,9.45,28.35,'2013-10-29 23:30:42',0.00,0.00),
 (231,57,431,12.45,0,2,12.45,24.90,'2013-10-29 23:30:42',0.00,0.00),
 (232,58,439,17.67,0,1,17.67,17.67,'2013-10-29 23:31:08',0.00,0.00),
 (233,59,423,8.45,0,1,8.45,8.45,'2013-10-29 23:38:15',0.00,0.00),
 (234,59,427,18.00,0,1,18.00,18.00,'2013-10-29 23:38:15',0.00,0.00),
 (235,59,429,17.60,0,1,17.60,17.60,'2013-10-29 23:38:15',0.00,0.00),
 (236,59,425,18.30,0,1,18.30,18.30,'2013-10-29 23:38:15',0.00,0.00),
 (237,59,421,10.58,0,1,10.58,10.58,'2013-10-29 23:38:15',0.00,0.00),
 (238,60,419,0.30,0,232,0.30,69.60,'2013-10-29 23:43:24',0.00,0.00),
 (239,61,413,4.80,0,21,4.80,100.80,'2013-10-29 23:46:15',0.00,0.00),
 (240,61,415,7.20,0,4,7.20,28.80,'2013-10-29 23:46:15',0.00,0.00),
 (241,61,417,10.62,0,13,10.62,138.06,'2013-10-29 23:46:15',0.00,0.00),
 (242,62,405,9.20,0,3,9.20,27.60,'2013-10-29 23:51:48',0.00,0.00),
 (243,62,403,3.00,0,15,3.00,45.00,'2013-10-29 23:51:48',0.00,0.00),
 (244,62,407,9.20,0,1,9.20,9.20,'2013-10-29 23:51:48',0.00,0.00),
 (245,62,409,12.45,0,1,12.45,12.45,'2013-10-29 23:51:48',0.00,0.00),
 (246,62,401,10.62,0,1,10.62,10.62,'2013-10-29 23:51:48',0.00,0.00),
 (247,62,411,14.15,0,2,14.15,28.30,'2013-10-29 23:51:48',0.00,0.00),
 (248,63,57,0.01,0,1,0.01,0.01,'2013-10-30 03:26:17',0.00,0.00),
 (249,64,57,0.01,0,10,0.01,0.10,'2013-10-30 03:37:37',0.00,0.00),
 (250,65,57,0.01,0,1,0.01,0.01,'2013-10-30 03:38:08',0.00,0.00),
 (251,66,63,5.72,0,147,5.72,840.84,'2013-10-30 20:16:57',0.00,0.00),
 (252,67,549,2.00,0,186,2.00,372.00,'2013-10-30 20:30:50',0.00,0.00),
 (253,68,567,2.16,0,4,2.16,8.64,'2013-10-30 21:05:04',0.00,0.00),
 (254,69,557,12.20,0,1,12.20,12.20,'2013-10-30 21:11:36',0.00,0.00),
 (255,69,565,9.90,0,1,9.90,9.90,'2013-10-30 21:11:36',0.00,0.00),
 (256,69,559,12.13,0,1,12.13,12.13,'2013-10-30 21:11:36',0.00,0.00),
 (257,69,553,15.66,0,1,15.66,15.66,'2013-10-30 21:11:36',0.00,0.00),
 (258,69,561,9.96,0,1,9.96,9.96,'2013-10-30 21:11:36',0.00,0.00),
 (259,70,555,2.00,0,2,2.00,4.00,'2013-10-30 21:13:01',0.00,0.00),
 (260,71,563,14.99,0,3,14.99,44.97,'2013-10-30 21:16:03',0.00,0.00),
 (261,72,363,6.00,0,2,6.00,12.00,'2013-10-31 23:14:06',0.00,0.00),
 (262,73,397,9.60,0,1,9.60,9.60,'2013-10-31 23:16:49',0.00,0.00),
 (263,74,527,4.80,0,1,4.80,4.80,'2013-10-31 23:21:11',0.00,0.00),
 (264,75,569,2.40,0,6,2.40,14.40,'2013-10-31 23:27:33',0.00,0.00),
 (265,76,399,18.00,0,3,18.00,54.00,'2013-10-31 23:28:35',0.00,0.00),
 (266,77,491,5.00,0,1,5.00,5.00,'2013-10-31 23:30:00',0.00,0.00),
 (267,78,497,5.00,0,6,5.00,30.00,'2013-10-31 23:33:40',0.00,0.00),
 (268,79,551,11.93,0,1,11.93,11.93,'2013-10-31 23:39:18',0.00,0.00),
 (269,80,227,7.00,0,6,7.00,42.00,'2013-10-31 23:42:53',0.00,0.00),
 (270,81,571,6.60,0,3,6.60,19.80,'2013-10-31 23:51:18',0.00,0.00),
 (271,82,573,6.50,0,11,6.50,71.50,'2013-10-31 23:53:01',0.00,0.00),
 (272,83,575,5.00,0,1,5.00,5.00,'2013-10-31 23:55:32',0.00,0.00),
 (273,84,577,5.00,0,1,5.00,5.00,'2013-10-31 23:56:32',0.00,0.00),
 (274,85,579,14.50,0,1,14.50,14.50,'2013-10-31 23:57:59',0.00,0.00),
 (275,86,581,5.00,0,1,5.00,5.00,'2013-10-31 23:59:21',0.00,0.00),
 (276,87,395,1.79,0,1,1.79,1.79,'2013-11-01 00:03:10',0.00,0.00),
 (277,88,583,4.52,0,1,4.52,4.52,'2013-11-01 00:08:00',0.00,0.00),
 (278,89,585,1.57,0,51,1.57,80.07,'2013-11-01 00:09:43',0.00,0.00),
 (279,90,587,46.40,0,3,46.40,139.20,'2013-11-03 18:53:00',0.00,0.00),
 (280,91,587,46.40,0,1,46.40,46.40,'2013-11-03 19:02:12',0.00,0.00),
 (281,92,587,46.40,0,1,46.40,46.40,'2013-11-03 19:04:26',0.00,0.00),
 (282,93,586,46.40,0,1,46.40,46.40,'2013-11-03 19:09:14',0.00,0.00),
 (283,94,588,46.40,0,1,46.40,46.40,'2013-11-03 19:14:39',0.00,0.00),
 (284,95,590,46.40,0,1,46.40,46.40,'2013-11-03 19:18:14',0.00,0.00),
 (285,96,592,46.40,0,3,46.40,139.20,'2013-11-03 19:27:06',0.00,0.00),
 (286,97,594,49.88,0,3,49.88,149.64,'2013-11-03 19:58:26',0.00,0.00),
 (287,98,596,46.40,0,3,46.40,139.20,'2013-11-03 20:14:45',0.00,0.00),
 (288,99,598,34.80,0,3,34.80,104.40,'2013-11-03 20:24:06',0.00,0.00),
 (289,100,598,34.80,0,1,34.80,34.80,'2013-11-03 20:29:35',0.00,0.00),
 (290,101,600,17.40,0,4,17.40,69.60,'2013-11-03 20:33:22',0.00,0.00),
 (291,102,602,63.80,0,2,63.80,127.60,'2013-11-03 20:40:09',0.00,0.00),
 (292,103,147,5.65,0,14,5.65,79.10,'2013-11-03 21:05:20',0.00,0.00),
 (293,104,159,3.00,0,44,3.00,132.00,'2013-11-03 21:08:34',0.00,0.00),
 (294,105,158,3.00,0,120,3.00,360.00,'2013-11-03 21:10:36',0.00,0.00),
 (295,106,605,13.34,0,10,13.34,133.40,'2013-11-04 20:00:58',0.00,0.00),
 (296,107,607,20.88,0,7,20.88,146.16,'2013-11-04 20:25:08',0.00,0.00),
 (297,108,609,4.64,0,7,4.64,32.48,'2013-11-04 20:39:02',0.00,0.00),
 (298,109,153,1.98,0,4,1.98,7.92,'2013-11-04 20:46:34',0.00,0.00),
 (299,110,153,1.98,0,1,1.98,1.98,'2013-11-04 20:48:53',0.00,0.00),
 (300,111,611,3.21,0,6,3.21,19.26,'2013-11-04 20:54:59',0.00,0.00),
 (301,112,613,3.86,0,4,3.86,15.44,'2013-11-04 21:06:28',0.00,0.00),
 (302,113,615,4.64,0,6,4.64,27.84,'2013-11-04 21:12:45',0.00,0.00),
 (303,114,617,2.12,0,24,2.12,50.88,'2013-11-04 21:35:37',0.00,0.00),
 (304,115,617,2.12,0,12,2.12,25.44,'2013-11-04 22:08:56',0.00,0.00),
 (305,116,617,2.12,0,11,2.12,23.32,'2013-11-04 22:26:47',0.00,0.00),
 (306,117,611,3.00,0,12,3.00,36.00,'2013-11-04 22:38:11',0.00,0.00),
 (307,118,619,0.32,0,320,0.32,102.40,'2013-11-05 22:57:11',0.00,0.00),
 (308,119,147,5.65,0,45,5.65,254.25,'2013-11-05 23:05:06',0.00,0.00),
 (309,120,621,4.07,0,15,4.07,61.05,'2013-11-05 23:08:24',0.00,0.00),
 (310,121,549,2.00,0,5,2.00,10.00,'2013-11-05 23:12:46',0.00,0.00),
 (311,122,545,4.81,0,3,4.81,14.43,'2013-11-05 23:38:36',0.00,0.00),
 (312,123,541,4.81,0,3,4.81,14.43,'2013-11-05 23:38:59',0.00,0.00),
 (313,124,59,9.50,0,93,9.50,883.50,'2013-11-08 23:49:31',0.00,0.00),
 (314,125,217,3.00,0,56,3.00,168.00,'2013-11-08 23:52:17',0.00,0.00),
 (315,126,147,5.65,0,5,5.65,28.25,'2013-11-08 23:53:33',0.00,0.00),
 (316,127,611,3.00,0,33,3.00,99.00,'2013-11-08 23:58:42',0.00,0.00),
 (317,128,623,3.50,0,55,3.50,192.50,'2013-11-09 00:12:37',0.00,0.00),
 (318,129,623,3.50,0,15,3.50,52.50,'2013-11-09 00:13:36',0.00,0.00),
 (319,130,625,2.85,0,48,2.85,136.80,'2013-11-09 00:18:22',0.00,0.00),
 (320,131,627,1.02,0,112,1.02,114.24,'2013-11-09 00:19:05',0.00,0.00),
 (321,132,549,2.00,0,407,2.00,814.00,'2013-11-09 00:24:05',0.00,0.00),
 (322,133,611,3.00,0,55,3.00,165.00,'2013-11-09 00:31:32',0.00,0.00),
 (323,134,617,2.12,0,21,2.12,44.52,'2013-11-09 00:32:17',0.00,0.00),
 (324,135,629,3.00,0,55,3.00,165.00,'2013-11-09 00:34:55',0.00,0.00),
 (325,136,613,3.86,0,10,3.86,38.60,'2013-11-09 00:36:00',0.00,0.00),
 (326,137,483,3.29,0,27,3.29,88.83,'2013-11-09 12:53:59',0.00,0.00),
 (327,138,631,1.20,0,1,1.20,1.20,'2013-11-15 15:19:38',0.00,0.00),
 (328,139,633,0.39,0,21,0.39,8.19,'2013-11-15 15:21:49',0.00,0.00),
 (329,140,635,1.75,0,33,1.75,57.75,'2013-11-15 15:34:15',0.00,0.00),
 (330,141,549,2.00,0,1,2.00,2.00,'2013-11-15 15:47:05',0.00,0.00),
 (331,142,637,2.80,0,3,2.80,8.40,'2013-11-15 15:53:24',0.00,0.00),
 (332,143,639,1.40,0,2,1.40,2.80,'2013-11-15 15:55:45',0.00,0.00),
 (333,144,635,1.75,0,11,1.75,19.25,'2013-11-15 15:58:38',0.00,0.00),
 (334,145,513,2.39,0,10,2.39,23.90,'2013-11-15 16:02:06',0.00,0.00),
 (335,146,631,1.20,0,23,1.20,27.60,'2013-11-15 16:12:01',0.00,0.00),
 (336,147,641,1.50,0,4,1.50,6.00,'2013-11-15 16:14:28',0.00,0.00),
 (337,148,643,1.50,0,12,1.50,18.00,'2013-11-15 16:16:34',0.00,0.00),
 (338,149,645,2.36,0,11,2.36,25.96,'2013-11-15 16:18:52',0.00,0.00),
 (339,150,647,2.99,0,11,2.99,32.89,'2013-11-15 16:26:42',0.00,0.00),
 (340,151,195,3.58,0,10,3.58,35.80,'2013-11-15 16:27:29',0.00,0.00),
 (341,152,395,1.79,0,10,1.79,17.90,'2013-11-15 16:28:06',0.00,0.00),
 (342,153,647,2.99,0,11,2.99,32.89,'2013-11-15 16:33:59',0.00,0.00),
 (343,154,649,2.99,0,11,2.99,32.89,'2013-11-15 16:37:53',0.00,0.00),
 (344,155,651,3.44,0,2,3.44,6.88,'2013-11-15 16:41:37',0.00,0.00),
 (345,156,653,1.00,0,4,1.00,4.00,'2013-11-15 16:44:26',0.00,0.00),
 (346,157,465,5.00,0,20,5.00,100.00,'2013-11-15 16:45:28',0.00,0.00),
 (347,158,655,3.00,0,6,3.00,18.00,'2013-11-15 16:54:59',0.00,0.00),
 (348,159,657,1.20,0,21,1.20,25.20,'2013-11-15 16:56:35',0.00,0.00),
 (349,160,659,1.73,0,4,1.73,6.92,'2013-11-15 16:59:36',0.00,0.00),
 (350,161,661,2.00,0,3,2.00,6.00,'2013-11-15 17:00:58',0.00,0.00),
 (351,162,663,1.93,0,4,1.93,7.72,'2013-11-15 17:02:57',0.00,0.00),
 (352,163,70,41.46,0,2,41.46,82.92,'2013-11-15 17:25:36',0.00,0.00),
 (353,164,66,38.28,0,2,38.28,76.56,'2013-11-15 17:26:25',0.00,0.00),
 (354,165,78,36.00,0,1,36.00,36.00,'2013-11-15 17:27:26',0.00,0.00),
 (355,166,112,54.00,0,2,54.00,108.00,'2013-11-15 17:28:14',0.00,0.00),
 (356,167,94,31.94,0,2,31.94,63.88,'2013-11-15 17:29:08',0.00,0.00),
 (357,168,664,38.00,0,2,38.00,76.00,'2013-11-15 17:32:06',0.00,0.00),
 (358,169,68,40.60,0,1,40.60,40.60,'2013-11-15 17:32:52',0.00,0.00),
 (359,170,127,48.00,0,2,48.00,96.00,'2013-11-15 17:33:28',0.00,0.00),
 (360,171,97,31.94,0,1,31.94,31.94,'2013-11-15 17:34:09',0.00,0.00),
 (361,172,667,41.76,0,2,41.76,83.52,'2013-11-15 17:36:09',0.00,0.00),
 (362,173,112,54.00,0,2,54.00,108.00,'2013-11-15 17:37:12',0.00,0.00),
 (363,174,130,54.00,0,1,54.00,54.00,'2013-11-15 17:37:38',0.00,0.00),
 (364,175,100,12.11,0,6,12.11,72.66,'2013-11-15 17:38:27',0.00,0.00),
 (365,176,100,12.11,0,3,12.11,36.33,'2013-11-15 17:44:38',0.00,0.00),
 (366,177,64,31.94,0,1,31.94,31.94,'2013-11-15 17:45:29',0.00,0.00),
 (367,178,225,7.00,0,1,7.00,7.00,'2013-11-15 17:46:23',0.00,0.00),
 (368,179,229,7.00,0,2,7.00,14.00,'2013-11-15 17:46:58',0.00,0.00),
 (369,180,227,7.00,0,25,7.00,175.00,'2013-11-15 17:48:02',0.00,0.00),
 (370,181,225,7.00,0,1,7.00,7.00,'2013-11-15 17:49:56',0.00,0.00),
 (371,182,583,4.52,0,1,4.52,4.52,'2013-11-15 17:53:05',0.00,0.00),
 (372,183,585,1.57,0,14,1.57,21.98,'2013-11-15 17:54:54',0.00,0.00),
 (373,184,584,1.57,0,47,1.57,73.79,'2013-11-15 17:55:19',0.00,0.00),
 (374,185,233,9.60,0,1,9.60,9.60,'2013-11-15 17:55:50',0.00,0.00),
 (375,186,235,6.00,0,3,6.00,18.00,'2013-11-15 17:56:17',0.00,0.00),
 (376,187,213,1.32,0,1,1.32,1.32,'2013-11-15 17:58:22',0.00,0.00),
 (377,188,263,14.92,0,18,14.92,268.56,'2013-11-15 18:00:32',0.00,0.00),
 (378,189,263,14.92,0,4,14.92,59.68,'2013-11-15 18:01:08',0.00,0.00),
 (379,190,264,12.76,0,6,12.76,76.56,'2013-11-15 18:02:21',0.00,0.00),
 (380,191,261,13.08,0,1,13.08,13.08,'2013-11-15 18:04:28',0.00,0.00),
 (381,192,260,13.08,0,17,13.08,222.36,'2013-11-15 18:04:58',0.00,0.00),
 (382,193,361,5.00,0,1,5.00,5.00,'2013-11-15 18:07:04',0.00,0.00),
 (383,194,669,11.50,0,6,11.50,69.00,'2013-11-15 18:11:55',0.00,0.00),
 (384,195,529,2.40,0,3,2.40,7.20,'2013-11-15 18:12:54',0.00,0.00),
 (385,196,671,11.50,0,1,11.50,11.50,'2013-11-15 18:15:58',0.00,0.00),
 (386,197,673,4.60,0,1,4.60,4.60,'2013-11-15 18:18:44',0.00,0.00),
 (387,199,687,2.36,0,2,2.36,4.72,'2013-11-16 18:13:52',0.00,0.00),
 (388,200,687,4.99,0,1,2.36,4.99,'2013-11-16 18:35:00',11.99,4.99),
 (389,200,291,4.99,0,1,9.00,4.99,'2013-11-16 18:35:00',29.99,4.99),
 (390,200,549,4.99,0,2,2.00,9.98,'2013-11-16 18:35:00',9.99,4.99),
 (391,201,63,19.99,0,1,5.72,19.99,'2013-11-16 18:36:19',19.99,0.00),
 (392,202,687,4.99,0,1,2.36,4.99,'2013-11-16 18:44:35',11.99,4.99),
 (393,203,63,19.99,0,1,5.72,19.99,'2013-11-16 18:45:53',19.99,0.00),
 (394,204,175,32.00,0,1,8.45,32.00,'2013-11-16 18:53:55',32.00,0.00),
 (395,205,63,19.99,0,1,5.72,19.99,'2013-11-16 18:55:49',19.99,0.00),
 (396,206,625,11.99,0,1,2.85,11.99,'2013-11-16 19:07:11',11.99,0.00),
 (397,206,193,14.99,0,1,2.39,14.99,'2013-11-16 19:07:11',14.99,0.00),
 (398,207,689,3.00,0,2,3.00,6.00,'2013-11-16 19:42:10',0.00,0.00),
 (399,208,63,19.99,0,1,5.72,19.99,'2013-11-16 19:43:46',19.99,0.00),
 (400,208,689,5.00,0,2,3.00,10.00,'2013-11-16 19:43:46',14.90,5.00),
 (401,211,155,5.00,0,1,1.88,5.00,'2013-11-16 19:58:25',9.99,5.00),
 (402,212,269,19.99,0,1,6.00,19.99,'2013-11-16 19:59:18',19.99,0.00),
 (403,213,63,19.99,0,1,5.72,19.99,'2013-11-16 19:59:47',19.99,0.00),
 (404,214,59,35.00,0,1,9.50,35.00,'2013-11-16 20:00:28',35.00,0.00),
 (405,215,549,4.99,0,2,2.00,9.98,'2013-11-16 20:01:23',9.99,4.99),
 (406,216,277,17.00,0,2,5.00,34.00,'2013-11-16 20:02:25',17.00,0.00),
 (407,217,549,4.99,0,2,2.00,9.98,'2013-11-16 20:06:16',9.99,4.99),
 (408,218,159,9.99,0,1,3.00,9.99,'2013-11-16 20:06:47',9.99,0.00),
 (409,219,153,9.99,0,1,1.98,9.99,'2013-11-16 20:07:33',9.99,0.00),
 (410,220,687,2.36,0,1,2.36,2.36,'2013-11-16 20:21:23',0.00,0.00),
 (411,221,677,4.40,0,23,4.40,101.20,'2013-11-16 20:23:36',0.00,0.00),
 (412,222,59,35.00,0,1,9.50,35.00,'2013-11-16 20:36:11',35.00,0.00),
 (413,223,215,5.00,0,1,1.20,5.00,'2013-11-16 20:42:01',5.00,0.00),
 (414,223,549,4.99,0,1,2.00,4.99,'2013-11-16 20:42:01',9.99,4.99),
 (415,224,691,3.00,0,1,3.00,3.00,'2013-11-16 22:18:11',0.00,0.00),
 (416,225,305,18.50,0,1,3.69,18.50,'2013-11-16 22:22:25',18.50,0.00),
 (417,225,197,4.99,0,1,2.38,4.99,'2013-11-16 22:22:25',14.99,4.99),
 (418,225,549,4.99,0,1,2.00,4.99,'2013-11-16 22:22:25',9.99,4.99),
 (419,225,691,5.00,0,1,3.00,5.00,'2013-11-16 22:22:25',10.00,5.00),
 (420,225,269,19.99,0,1,6.00,19.99,'2013-11-16 22:22:25',19.99,0.00),
 (421,226,61,25.00,0,1,7.50,25.00,'2013-11-16 22:24:36',35.00,25.00),
 (422,227,61,25.00,0,1,7.50,25.00,'2013-11-16 22:25:47',35.00,25.00),
 (423,228,59,35.00,0,1,9.50,35.00,'2013-11-16 22:27:22',35.00,0.00),
 (424,228,549,4.99,0,1,2.00,4.99,'2013-11-16 22:27:22',9.99,4.99),
 (425,228,549,4.99,0,1,2.00,4.99,'2013-11-16 22:27:22',9.99,4.99),
 (426,229,63,19.99,0,1,5.72,19.99,'2013-11-16 22:29:27',19.99,0.00),
 (427,229,687,4.99,0,1,2.36,4.99,'2013-11-16 22:29:27',11.99,4.99),
 (428,230,63,19.99,0,1,5.72,19.99,'2013-11-16 22:30:56',19.99,0.00),
 (429,230,677,6.00,0,1,4.40,6.00,'2013-11-16 22:30:56',6.00,0.00),
 (430,231,63,19.99,0,1,5.72,19.99,'2013-11-16 22:31:54',19.99,0.00),
 (431,232,63,19.99,0,1,5.72,19.99,'2013-11-16 22:33:06',19.99,0.00),
 (432,232,677,6.00,0,1,4.40,6.00,'2013-11-16 22:33:06',6.00,0.00),
 (433,233,63,19.99,0,1,5.72,19.99,'2013-11-16 22:34:04',19.99,0.00),
 (434,234,63,19.99,0,1,5.72,19.99,'2013-11-16 22:34:55',19.99,0.00),
 (435,235,159,9.99,0,1,3.00,9.99,'2013-11-16 22:35:55',9.99,0.00),
 (436,236,693,40.00,0,1,40.00,40.00,'2013-11-16 22:45:27',0.00,0.00),
 (437,237,693,85.00,0,1,40.00,85.00,'2013-11-16 22:46:44',85.00,0.00),
 (438,241,271,14.99,0,1,4.80,14.99,'2013-11-17 13:49:14',14.99,0.00),
 (439,242,159,9.99,0,1,3.00,9.99,'2013-11-17 13:50:18',9.99,0.00),
 (440,242,153,9.99,0,1,1.98,9.99,'2013-11-17 13:50:18',9.99,0.00),
 (441,243,61,25.00,0,1,7.50,25.00,'2013-11-17 13:51:56',35.00,25.00),
 (442,243,63,19.99,0,1,5.72,19.99,'2013-11-17 13:51:56',19.99,0.00),
 (443,244,263,45.00,0,1,14.92,45.00,'2013-11-17 13:52:44',45.00,0.00),
 (444,245,379,4.99,0,1,1.46,4.99,'2013-11-17 13:54:16',9.99,4.99),
 (445,246,695,5.00,0,1,5.00,5.00,'2013-11-17 13:59:01',0.00,0.00),
 (446,247,549,4.99,0,1,2.00,4.99,'2013-11-17 14:01:29',9.99,4.99),
 (447,247,217,5.00,0,1,3.00,5.00,'2013-11-17 14:01:29',9.99,5.00),
 (448,247,695,5.00,0,1,5.00,5.00,'2013-11-17 14:01:29',19.99,5.00),
 (449,247,147,9.99,0,1,5.65,9.99,'2013-11-17 14:01:29',14.99,9.99),
 (450,247,419,2.00,0,1,0.30,2.00,'2013-11-17 14:01:29',2.00,0.00),
 (451,247,283,7.50,0,1,2.14,7.50,'2013-11-17 14:01:29',9.99,7.50),
 (452,248,59,35.00,0,1,9.50,35.00,'2013-11-17 14:02:59',35.00,0.00),
 (453,248,213,4.99,0,2,1.32,9.98,'2013-11-17 14:02:59',9.99,4.99),
 (454,249,63,19.99,0,1,5.72,19.99,'2013-11-17 14:03:40',19.99,0.00),
 (455,250,627,9.99,0,1,1.02,9.99,'2013-11-17 14:04:29',9.99,0.00),
 (456,251,691,3.00,0,1,3.00,3.00,'2013-11-17 14:09:24',0.00,0.00),
 (457,252,697,2.30,0,1,2.30,2.30,'2013-11-17 14:12:27',0.00,0.00),
 (458,253,697,2.30,0,1,2.30,2.30,'2013-11-17 14:13:21',0.00,0.00),
 (459,254,697,10.00,0,2,2.30,20.00,'2013-11-17 14:14:38',10.00,0.00),
 (460,254,549,4.99,0,2,2.00,9.98,'2013-11-17 14:14:38',9.99,4.99),
 (461,255,59,35.00,0,1,9.50,35.00,'2013-11-17 14:15:23',35.00,0.00),
 (462,256,499,19.99,0,1,5.00,19.99,'2013-11-17 14:16:13',19.99,0.00),
 (463,256,63,19.99,0,1,5.72,19.99,'2013-11-17 14:16:13',19.99,0.00),
 (464,257,699,5.00,0,1,5.00,5.00,'2013-11-17 14:25:25',0.00,0.00),
 (465,258,699,5.00,0,1,5.00,5.00,'2013-11-17 14:26:30',19.99,5.00),
 (466,259,63,19.99,0,1,5.72,19.99,'2013-11-17 14:27:17',19.99,0.00),
 (467,260,63,19.99,0,1,5.72,19.99,'2013-11-17 14:27:57',19.99,0.00),
 (468,261,63,19.99,0,1,5.72,19.99,'2013-11-17 14:30:34',19.99,0.00),
 (469,261,283,7.50,0,2,2.14,15.00,'2013-11-17 14:30:34',9.99,7.50),
 (470,262,63,19.99,0,1,5.72,19.99,'2013-11-17 14:31:31',19.99,0.00),
 (471,263,59,35.00,0,1,9.50,35.00,'2013-11-17 14:41:35',35.00,0.00),
 (472,263,549,4.99,0,2,2.00,9.98,'2013-11-17 14:41:35',9.99,4.99),
 (473,263,285,4.99,0,1,3.39,4.99,'2013-11-17 14:41:35',17.50,4.99),
 (474,264,239,19.90,0,1,5.80,19.90,'2013-11-17 14:46:18',19.90,0.00),
 (475,264,61,25.00,0,1,7.50,25.00,'2013-11-17 14:46:18',35.00,25.00),
 (476,264,63,19.99,0,1,5.72,19.99,'2013-11-17 14:46:18',19.99,0.00),
 (477,264,677,6.00,0,1,4.40,6.00,'2013-11-17 14:46:18',6.00,0.00),
 (478,265,419,2.00,0,1,0.30,2.00,'2013-11-17 14:48:17',2.00,0.00),
 (479,266,59,35.00,0,1,9.50,35.00,'2013-11-17 14:49:26',35.00,0.00),
 (480,266,63,19.99,0,1,5.72,19.99,'2013-11-17 14:49:26',19.99,0.00),
 (481,267,153,9.99,0,1,1.98,9.99,'2013-11-17 14:50:20',9.99,0.00),
 (482,273,701,3.66,0,1,3.66,3.66,'2013-11-17 15:52:42',0.00,0.00),
 (483,274,323,34.99,0,1,10.80,34.99,'2013-11-17 15:59:37',34.99,0.00),
 (484,275,277,17.00,0,1,5.00,17.00,'2013-11-17 16:00:37',17.00,0.00),
 (485,276,277,17.00,0,1,5.00,17.00,'2013-11-17 16:00:37',17.00,0.00),
 (486,277,59,35.00,0,1,9.50,35.00,'2013-11-17 16:01:29',35.00,0.00),
 (487,277,63,19.99,0,1,5.72,19.99,'2013-11-17 16:01:29',19.99,0.00),
 (488,278,63,19.99,0,1,5.72,19.99,'2013-11-17 16:02:18',19.99,0.00),
 (489,279,159,9.99,0,1,3.00,9.99,'2013-11-17 16:02:55',9.99,0.00),
 (490,280,63,19.99,0,2,5.72,39.98,'2013-11-17 16:04:06',19.99,0.00),
 (491,281,379,4.99,0,1,1.46,4.99,'2013-11-17 16:04:49',9.99,4.99),
 (492,282,59,35.00,0,1,9.50,35.00,'2013-11-17 16:05:28',35.00,0.00),
 (493,283,63,19.99,0,1,5.72,19.99,'2013-11-17 16:06:22',19.99,0.00),
 (494,284,63,19.99,0,1,5.72,19.99,'2013-11-17 16:06:28',19.99,0.00),
 (495,285,63,19.99,0,1,5.72,19.99,'2013-11-17 16:15:02',19.99,0.00),
 (496,285,153,9.99,0,2,1.98,19.98,'2013-11-17 16:15:02',9.99,0.00),
 (497,286,703,3.00,0,1,3.00,3.00,'2013-11-17 16:17:29',0.00,0.00),
 (498,287,703,9.99,0,1,3.00,9.99,'2013-11-17 16:18:32',9.99,0.00),
 (499,287,513,17.99,0,1,2.39,17.99,'2013-11-17 16:18:32',17.99,0.00),
 (500,288,61,25.00,0,1,7.50,25.00,'2013-11-17 16:19:50',35.00,25.00),
 (501,288,63,19.99,0,1,5.72,19.99,'2013-11-17 16:19:50',19.99,0.00),
 (502,289,59,35.00,0,1,9.50,35.00,'2013-11-17 16:20:38',35.00,0.00),
 (503,290,67,84.99,0,1,38.28,84.99,'2013-11-17 16:21:35',84.99,0.00),
 (504,291,73,74.99,0,1,32.48,74.99,'2013-11-17 16:23:36',74.99,0.00),
 (505,292,705,3.00,0,1,3.00,3.00,'2013-11-17 16:25:03',0.00,0.00),
 (506,293,171,14.99,0,1,3.60,14.99,'2013-11-17 16:26:16',14.99,0.00),
 (507,293,705,5.00,0,1,3.00,5.00,'2013-11-17 16:26:16',5.00,0.00),
 (508,294,63,19.99,0,1,5.72,19.99,'2013-11-17 16:28:00',19.99,0.00),
 (509,294,283,7.50,0,1,2.14,7.50,'2013-11-17 16:28:00',9.99,7.50),
 (510,295,63,19.99,0,1,5.72,19.99,'2013-11-17 16:28:29',19.99,0.00),
 (511,296,59,35.00,0,1,9.50,35.00,'2013-11-17 16:31:31',35.00,0.00),
 (512,296,701,15.00,0,1,3.66,15.00,'2013-11-17 16:31:31',15.00,0.00),
 (513,296,419,2.00,0,1,0.30,2.00,'2013-11-17 16:31:31',2.00,0.00),
 (514,297,687,2.36,0,1,2.36,2.36,'2013-11-17 16:32:52',0.00,0.00),
 (515,298,687,4.99,0,1,2.36,4.99,'2013-11-17 16:34:01',11.99,4.99),
 (516,298,419,2.00,0,1,0.30,2.00,'2013-11-17 16:34:01',2.00,0.00),
 (517,299,59,35.00,0,1,9.50,35.00,'2013-11-17 16:34:56',35.00,0.00),
 (518,299,205,9.99,0,1,6.00,9.99,'2013-11-17 16:34:56',16.50,9.99),
 (519,302,57,0.01,0,1,0.04,0.01,'2013-11-17 19:40:54',0.01,0.00),
 (520,303,56,0.01,0,1,0.04,0.01,'2013-11-19 22:36:06',0.01,0.00),
 (521,304,56,0.01,0,1,0.04,0.01,'2013-11-19 22:36:06',0.01,0.00),
 (522,305,56,0.01,0,1,0.04,0.01,'2013-11-19 22:43:20',0.01,0.00),
 (523,306,56,0.01,0,1,0.04,0.01,'2013-11-19 22:43:20',0.01,0.00),
 (524,307,56,0.01,0,1,0.04,0.01,'2013-11-19 22:46:55',0.01,0.00),
 (525,308,56,0.01,0,1,0.04,0.01,'2013-11-19 22:47:20',0.01,0.00),
 (526,309,56,0.01,0,1,0.04,0.01,'2013-11-19 22:47:20',0.01,0.00),
 (527,310,56,0.01,0,1,0.04,0.01,'2013-11-19 22:47:20',0.01,0.00),
 (528,311,56,0.01,0,1,0.04,0.01,'2013-11-19 22:47:20',0.01,0.00),
 (529,312,56,0.01,0,1,0.04,0.01,'2013-11-19 22:49:25',0.01,0.00),
 (530,313,56,0.01,0,1,0.04,0.01,'2013-11-19 22:49:26',0.01,0.00),
 (531,314,56,0.01,0,1,0.04,0.01,'2013-11-19 22:49:26',0.01,0.00),
 (532,315,56,0.01,0,1,0.04,0.01,'2013-11-19 23:09:37',0.01,0.00),
 (533,316,56,0.01,0,1,0.04,0.01,'2013-11-19 23:09:37',0.01,0.00),
 (534,317,56,0.01,0,1,0.04,0.01,'2013-11-19 23:14:29',0.01,0.00),
 (535,318,56,0.01,0,1,0.04,0.01,'2013-11-19 23:14:29',0.01,0.00),
 (536,319,56,0.01,0,1,0.04,0.01,'2013-11-19 23:14:29',0.01,0.00),
 (537,320,56,0.01,0,1,0.04,0.01,'2013-11-19 23:15:44',0.01,0.00),
 (538,321,56,0.01,0,1,0.04,0.01,'2013-11-19 23:15:45',0.01,0.00),
 (539,322,56,0.01,0,1,0.04,0.01,'2013-11-19 23:15:45',0.01,0.00),
 (540,323,56,0.01,0,1,0.04,0.01,'2013-11-19 23:15:45',0.01,0.00),
 (541,324,56,0.01,0,1,0.04,0.01,'2013-11-19 23:19:32',0.01,0.00),
 (542,325,60,35.00,0,1,7.50,35.00,'2013-11-19 23:24:52',35.00,25.00),
 (543,326,60,35.00,0,1,7.50,35.00,'2013-11-19 23:24:52',35.00,25.00),
 (544,327,60,35.00,0,1,7.50,35.00,'2013-11-19 23:24:52',35.00,25.00),
 (545,328,60,35.00,0,1,7.50,35.00,'2013-11-19 23:25:55',35.00,25.00),
 (546,329,60,35.00,0,1,7.50,35.00,'2013-11-19 23:27:53',35.00,25.00),
 (547,330,60,35.00,0,1,7.50,35.00,'2013-11-19 23:33:08',35.00,25.00),
 (548,331,57,0.01,0,1,0.04,0.01,'2013-11-21 18:28:57',0.01,0.00),
 (549,332,57,0.01,0,1,0.04,0.01,'2013-11-21 18:29:14',0.01,0.00),
 (550,335,57,0.01,0,1,0.04,0.01,'2013-11-21 18:49:18',0.01,0.00),
 (551,336,57,0.01,0,1,0.04,0.01,'2013-11-21 19:11:25',0.01,0.00),
 (552,336,59,31.50,10,1,9.50,31.50,'2013-11-21 19:11:25',35.00,0.00),
 (553,337,59,35.00,0,1,9.50,35.00,'2013-11-23 14:23:39',35.00,0.00),
 (554,338,77,90.00,0,1,42.00,90.00,'2013-11-23 14:23:57',90.00,0.00);
/*!40000 ALTER TABLE `item` ENABLE KEYS */;


--
-- Definition of table `loja`
--

DROP TABLE IF EXISTS `loja`;
CREATE TABLE `loja` (
  `id` int(11) NOT NULL AUTO_INCREMENT,
  `descricao` varchar(256) DEFAULT NULL,
  `localizacao` varchar(256) DEFAULT NULL,
  PRIMARY KEY (`id`)
) ENGINE=InnoDB AUTO_INCREMENT=3 DEFAULT CHARSET=utf8;

--
-- Dumping data for table `loja`
--

/*!40000 ALTER TABLE `loja` DISABLE KEYS */;
INSERT INTO `loja` (`id`,`descricao`,`localizacao`) VALUES 
 (1,'Estoque central','Estoque central'),
 (2,'Loja Centro Shopping','Centro Shopping loja 3');
/*!40000 ALTER TABLE `loja` ENABLE KEYS */;


--
-- Definition of table `movimento`
--

DROP TABLE IF EXISTS `movimento`;
CREATE TABLE `movimento` (
  `id` int(11) NOT NULL AUTO_INCREMENT,
  `tipo_movimento_id` int(11) NOT NULL,
  `cliente_id` int(11) DEFAULT NULL,
  `destino_loja_id` int(11) DEFAULT NULL,
  `valor` double(8,2) DEFAULT NULL,
  `usuario_id` int(11) NOT NULL,
  `up_date` timestamp NOT NULL DEFAULT CURRENT_TIMESTAMP,
  `entregue` varchar(5) NOT NULL,
  `origem_loja_id` int(11) DEFAULT NULL,
  `nota` varchar(45) DEFAULT NULL,
  PRIMARY KEY (`id`),
  KEY `fk_movimento_tipo_movimento1_idx` (`tipo_movimento_id`),
  KEY `fk_movimento_usuario1_idx` (`usuario_id`),
  KEY `fk_movimento_cliente1_idx` (`cliente_id`),
  CONSTRAINT `fk_movimento_tipo_movimento1` FOREIGN KEY (`tipo_movimento_id`) REFERENCES `tipo_movimento` (`id`) ON DELETE NO ACTION ON UPDATE NO ACTION,
  CONSTRAINT `fk_movimento_usuario1` FOREIGN KEY (`usuario_id`) REFERENCES `usuario` (`id`) ON DELETE NO ACTION ON UPDATE NO ACTION
) ENGINE=InnoDB AUTO_INCREMENT=339 DEFAULT CHARSET=utf8;

--
-- Dumping data for table `movimento`
--

/*!40000 ALTER TABLE `movimento` DISABLE KEYS */;
INSERT INTO `movimento` (`id`,`tipo_movimento_id`,`cliente_id`,`destino_loja_id`,`valor`,`usuario_id`,`up_date`,`entregue`,`origem_loja_id`,`nota`) VALUES 
 (1,9,0,2,259.00,1,'2013-10-26 16:50:38','Sim',0,'Abertura Inicial de Caixa'),
 (2,1,0,NULL,0.00,1,'2013-10-26 16:52:56','Sim',0,NULL),
 (3,1,0,NULL,0.00,1,'2013-10-26 16:58:19','Sim',0,NULL),
 (4,1,0,NULL,0.00,1,'2013-10-26 16:59:53','Sim',0,NULL),
 (5,1,0,NULL,0.00,1,'2013-10-26 17:19:03','Sim',0,NULL),
 (6,1,0,NULL,0.00,1,'2013-10-26 17:19:42','Sim',0,NULL),
 (7,1,0,NULL,0.00,1,'2013-10-26 17:33:36','Sim',0,NULL),
 (8,1,0,NULL,0.00,1,'2013-10-26 18:00:18','Sim',0,NULL),
 (9,1,0,2,0.40,1,'2013-10-26 18:06:34','Sim',0,'362514'),
 (11,1,0,2,1976.50,1,'2013-10-26 18:10:40','Sim',0,'00000'),
 (12,1,0,2,31.94,1,'2013-10-27 16:17:14','Sim',0,'0000'),
 (13,1,0,2,267.96,1,'2013-10-27 16:20:51','Sim',0,'0000'),
 (14,1,0,2,162.40,1,'2013-10-27 16:24:13','Sim',0,'0000'),
 (15,1,0,2,165.84,1,'2013-10-27 16:44:08','Sim',0,'0000'),
 (16,1,0,2,683.02,1,'2013-10-27 16:49:53','Sim',0,'0000'),
 (17,1,0,2,60.55,1,'2013-10-27 16:52:30','Sim',0,'0000'),
 (18,1,0,2,1316.29,1,'2013-10-27 17:35:42','Sim',0,'0000'),
 (19,1,0,2,129.95,1,'2013-10-27 17:54:05','Sim',0,'0000'),
 (20,1,0,2,188.00,1,'2013-10-27 18:02:23','Sim',0,'0000'),
 (21,1,0,2,43.50,1,'2013-10-27 18:04:07','Sim',0,'0000'),
 (22,1,0,2,1222.97,1,'2013-10-27 18:41:55','Sim',0,'0000'),
 (23,1,0,2,163.50,1,'2013-10-27 18:47:51','Sim',0,'0000'),
 (24,1,0,2,13.68,1,'2013-10-27 18:51:31','Sim',0,'0000'),
 (25,1,0,2,8.45,1,'2013-10-27 18:52:39','Sim',0,'0000'),
 (26,1,0,2,37.35,1,'2013-10-27 18:53:35','Sim',0,'0000'),
 (27,1,0,2,346.39,1,'2013-10-27 19:52:15','Sim',0,'0000'),
 (28,1,0,2,326.22,1,'2013-10-27 19:55:15','Sim',0,'0000'),
 (29,1,0,2,91.00,1,'2013-10-27 19:57:11','Sim',0,'0000'),
 (30,1,0,2,20.82,1,'2013-10-27 21:51:22','Sim',0,'00000'),
 (31,1,0,2,8.00,1,'2013-10-27 21:58:25','Sim',0,'00000'),
 (32,1,0,2,938.84,1,'2013-10-27 22:24:28','Sim',0,'00000'),
 (33,1,0,2,53.72,1,'2013-10-27 22:24:42','Sim',0,'00000'),
 (34,1,0,2,175.24,1,'2013-10-27 22:33:59','Sim',0,'00000'),
 (35,1,0,2,405.00,1,'2013-10-27 22:37:06','Sim',0,'00000'),
 (36,1,0,2,33.51,1,'2013-10-27 22:43:21','Sim',0,'00000'),
 (37,1,0,2,911.64,1,'2013-10-27 23:08:32','Sim',0,'00000'),
 (38,1,0,2,240.53,1,'2013-10-27 23:14:29','Sim',0,'00000'),
 (39,1,0,2,235.09,1,'2013-10-27 23:31:50','Sim',0,'00000'),
 (40,1,0,2,20.00,1,'2013-10-28 23:15:52','Sim',0,'00000'),
 (41,1,0,2,138.30,1,'2013-10-28 23:30:33','Sim',0,'00000'),
 (42,1,0,2,97.94,1,'2013-10-28 23:43:20','Sim',0,'00000'),
 (43,1,0,2,40.42,1,'2013-10-28 23:45:41','Sim',0,'00000'),
 (44,1,0,2,5.00,1,'2013-10-29 00:00:01','Sim',0,'00000'),
 (45,1,0,2,104.10,1,'2013-10-29 19:19:09','Sim',0,'0000'),
 (46,1,0,2,78.30,1,'2013-10-29 20:16:31','Sim',0,'00000'),
 (47,1,0,2,55.04,1,'2013-10-29 20:26:28','Sim',0,'00000'),
 (48,1,0,2,115.98,1,'2013-10-29 20:39:46','Sim',0,'00000'),
 (49,1,0,2,1588.08,1,'2013-10-29 21:21:16','Sim',0,'00000'),
 (50,1,0,2,978.24,1,'2013-10-29 22:24:14','Sim',0,'00000'),
 (51,1,0,2,24.00,1,'2013-10-29 22:28:53','Sim',0,'00000'),
 (52,1,0,2,25.48,1,'2013-10-29 23:05:14','Sim',0,'00000'),
 (53,1,0,2,61.32,1,'2013-10-29 23:06:01','Sim',0,'00000'),
 (54,1,0,2,18.00,1,'2013-10-29 23:06:28','Sim',0,'00000'),
 (55,1,0,2,46.19,1,'2013-10-29 23:12:34','Sim',0,'00000'),
 (56,1,0,2,102.92,1,'2013-10-29 23:20:30','Sim',0,'00000'),
 (57,1,0,2,125.40,1,'2013-10-29 23:30:42','Sim',0,'00000'),
 (58,1,0,2,17.67,1,'2013-10-29 23:31:08','Sim',0,'00000'),
 (59,1,0,2,72.93,1,'2013-10-29 23:38:15','Sim',0,'00000'),
 (60,1,0,2,69.60,1,'2013-10-29 23:43:23','Sim',0,'00000'),
 (61,1,0,2,267.66,1,'2013-10-29 23:46:15','Sim',0,'00000'),
 (62,1,0,2,133.17,1,'2013-10-29 23:51:47','Sim',0,'00000'),
 (63,1,0,2,0.01,1,'2013-10-30 03:26:16','Sim',0,'000014'),
 (64,1,0,2,0.10,1,'2013-10-30 03:37:37','Sim',0,''),
 (65,1,0,2,0.01,1,'2013-10-30 03:38:08','Sim',0,''),
 (66,1,0,2,840.84,5,'2013-10-30 20:16:55','Sim',0,'00000'),
 (67,1,0,2,372.00,5,'2013-10-30 20:30:50','Sim',0,'00000'),
 (68,1,0,2,8.64,5,'2013-10-30 21:05:03','Sim',0,'00000'),
 (69,1,0,2,59.85,5,'2013-10-30 21:11:36','Sim',0,'00000'),
 (70,1,0,2,4.00,5,'2013-10-30 21:13:00','Sim',0,'00000'),
 (71,1,0,2,44.97,5,'2013-10-30 21:16:03','Sim',0,'00000'),
 (72,1,0,2,12.00,5,'2013-10-31 23:14:06','Sim',0,''),
 (73,1,0,2,9.60,5,'2013-10-31 23:16:49','Sim',0,''),
 (74,1,0,2,4.80,5,'2013-10-31 23:21:10','Sim',0,''),
 (75,1,0,2,14.40,5,'2013-10-31 23:27:33','Sim',0,''),
 (76,1,0,2,54.00,5,'2013-10-31 23:28:35','Sim',0,''),
 (77,1,0,2,5.00,5,'2013-10-31 23:30:00','Sim',0,''),
 (78,1,0,2,30.00,5,'2013-10-31 23:33:40','Sim',0,''),
 (79,1,0,2,11.93,5,'2013-10-31 23:39:18','Sim',0,''),
 (80,1,0,2,42.00,5,'2013-10-31 23:42:53','Sim',0,''),
 (81,1,0,2,19.80,5,'2013-10-31 23:51:18','Sim',0,''),
 (82,1,0,2,71.50,5,'2013-10-31 23:53:01','Sim',0,''),
 (83,1,0,2,5.00,5,'2013-10-31 23:55:31','Sim',0,''),
 (84,1,0,2,5.00,5,'2013-10-31 23:56:32','Sim',0,''),
 (85,1,0,2,14.50,5,'2013-10-31 23:57:58','Sim',0,''),
 (86,1,0,2,5.00,5,'2013-10-31 23:59:21','Sim',0,''),
 (87,1,0,2,1.79,5,'2013-11-01 00:03:10','Sim',0,''),
 (88,1,0,2,4.52,5,'2013-11-01 00:08:00','Sim',0,''),
 (89,1,0,2,80.07,5,'2013-11-01 00:09:43','Sim',0,''),
 (90,1,0,2,139.20,5,'2013-11-03 18:53:00','Sim',0,''),
 (91,1,0,2,46.40,5,'2013-11-03 19:02:09','Sim',0,''),
 (92,1,0,2,46.40,5,'2013-11-03 19:04:26','Sim',0,''),
 (93,1,0,1,46.40,5,'2013-11-03 19:09:12','Sim',0,''),
 (94,1,0,1,46.40,5,'2013-11-03 19:14:39','Sim',0,''),
 (95,1,0,1,46.40,5,'2013-11-03 19:18:14','Sim',0,''),
 (96,1,0,1,139.20,5,'2013-11-03 19:27:05','Sim',0,''),
 (97,1,0,1,149.64,5,'2013-11-03 19:58:26','Sim',0,''),
 (98,1,0,1,139.20,5,'2013-11-03 20:14:44','Sim',0,''),
 (99,1,0,1,104.40,5,'2013-11-03 20:24:06','Sim',0,''),
 (100,1,0,1,34.80,5,'2013-11-03 20:29:34','Sim',0,''),
 (101,1,0,1,69.60,5,'2013-11-03 20:33:22','Sim',0,''),
 (102,1,0,1,127.60,5,'2013-11-03 20:40:09','Sim',0,''),
 (103,1,0,2,79.10,5,'2013-11-03 21:05:15','Sim',0,''),
 (104,1,0,2,132.00,5,'2013-11-03 21:08:33','Sim',0,''),
 (105,1,0,1,360.00,5,'2013-11-03 21:10:16','Sim',0,''),
 (106,1,0,2,133.40,5,'2013-11-04 20:00:47','Sim',0,''),
 (107,1,0,2,146.16,5,'2013-11-04 20:25:08','Sim',0,''),
 (108,1,0,2,32.48,5,'2013-11-04 20:39:02','Sim',0,''),
 (109,1,0,2,7.92,5,'2013-11-04 20:46:30','Sim',0,''),
 (110,1,0,2,1.98,5,'2013-11-04 20:48:53','Sim',0,''),
 (111,1,0,2,19.26,5,'2013-11-04 20:54:58','Sim',0,''),
 (112,1,0,2,15.44,5,'2013-11-04 21:06:28','Sim',0,''),
 (113,1,0,2,27.84,5,'2013-11-04 21:12:45','Sim',0,''),
 (114,1,0,2,50.88,5,'2013-11-04 21:35:08','Sim',0,''),
 (115,1,0,2,25.44,5,'2013-11-04 22:08:56','Sim',0,''),
 (116,1,0,2,23.32,5,'2013-11-04 22:26:47','Sim',0,''),
 (117,1,0,2,36.00,5,'2013-11-04 22:38:11','Sim',0,''),
 (118,1,0,2,102.40,5,'2013-11-05 22:57:10','Sim',0,''),
 (119,1,0,2,254.25,5,'2013-11-05 23:05:05','Sim',0,''),
 (120,1,0,2,61.05,5,'2013-11-05 23:08:23','Sim',0,''),
 (121,1,0,2,10.00,5,'2013-11-05 23:12:44','Sim',0,''),
 (122,1,0,2,14.43,5,'2013-11-05 23:38:35','Sim',0,''),
 (123,1,0,2,14.43,5,'2013-11-05 23:38:59','Sim',0,''),
 (124,1,0,2,883.50,5,'2013-11-08 23:49:31','Sim',0,''),
 (125,1,0,2,168.00,5,'2013-11-08 23:52:16','Sim',0,''),
 (126,1,0,2,28.25,5,'2013-11-08 23:53:33','Sim',0,''),
 (127,1,0,2,99.00,5,'2013-11-08 23:58:42','Sim',0,''),
 (128,1,0,2,192.50,5,'2013-11-09 00:12:37','Sim',0,''),
 (129,1,0,2,52.50,5,'2013-11-09 00:13:36','Sim',0,''),
 (130,1,0,2,136.80,5,'2013-11-09 00:18:22','Sim',0,''),
 (131,1,0,2,114.24,5,'2013-11-09 00:19:05','Sim',0,''),
 (132,1,0,2,814.00,5,'2013-11-09 00:24:05','Sim',0,''),
 (133,1,0,2,165.00,5,'2013-11-09 00:31:31','Sim',0,''),
 (134,1,0,2,44.52,5,'2013-11-09 00:32:17','Sim',0,''),
 (135,1,0,2,165.00,5,'2013-11-09 00:34:55','Sim',0,''),
 (136,1,0,2,38.60,5,'2013-11-09 00:35:59','Sim',0,''),
 (137,1,0,2,88.83,5,'2013-11-09 12:53:59','Sim',0,''),
 (138,1,0,2,1.20,5,'2013-11-15 15:19:38','Sim',0,''),
 (139,1,0,2,8.19,5,'2013-11-15 15:21:49','Sim',0,''),
 (140,1,0,2,57.75,5,'2013-11-15 15:34:15','Sim',0,''),
 (141,1,0,2,2.00,5,'2013-11-15 15:47:04','Sim',0,''),
 (142,1,0,2,8.40,5,'2013-11-15 15:53:24','Sim',0,''),
 (143,1,0,2,2.80,5,'2013-11-15 15:55:44','Sim',0,''),
 (144,1,0,2,19.25,5,'2013-11-15 15:58:38','Sim',0,''),
 (145,1,0,2,23.90,5,'2013-11-15 16:02:06','Sim',0,''),
 (146,1,0,2,27.60,5,'2013-11-15 16:12:01','Sim',0,''),
 (147,1,0,2,6.00,5,'2013-11-15 16:14:27','Sim',0,''),
 (148,1,0,2,18.00,5,'2013-11-15 16:16:33','Sim',0,''),
 (149,1,0,2,25.96,5,'2013-11-15 16:18:52','Sim',0,''),
 (150,1,0,2,32.89,5,'2013-11-15 16:26:42','Sim',0,''),
 (151,1,0,2,35.80,5,'2013-11-15 16:27:28','Sim',0,''),
 (152,1,0,2,17.90,5,'2013-11-15 16:28:06','Sim',0,''),
 (153,1,0,2,32.89,5,'2013-11-15 16:33:58','Sim',0,''),
 (154,1,0,2,32.89,5,'2013-11-15 16:37:53','Sim',0,''),
 (155,1,0,2,6.88,5,'2013-11-15 16:41:37','Sim',0,''),
 (156,1,0,2,4.00,5,'2013-11-15 16:44:26','Sim',0,''),
 (157,1,0,2,100.00,5,'2013-11-15 16:45:28','Sim',0,''),
 (158,1,0,2,18.00,5,'2013-11-15 16:54:59','Sim',0,''),
 (159,1,0,2,25.20,5,'2013-11-15 16:56:35','Sim',0,''),
 (160,1,0,2,6.92,5,'2013-11-15 16:59:35','Sim',0,''),
 (161,1,0,2,6.00,5,'2013-11-15 17:00:58','Sim',0,''),
 (162,1,0,2,7.72,5,'2013-11-15 17:02:56','Sim',0,''),
 (163,1,0,1,82.92,5,'2013-11-15 17:25:36','Sim',0,''),
 (164,1,0,1,76.56,5,'2013-11-15 17:26:25','Sim',0,''),
 (165,1,0,1,36.00,5,'2013-11-15 17:27:26','Sim',0,''),
 (166,1,0,1,108.00,5,'2013-11-15 17:28:14','Sim',0,''),
 (167,1,0,1,63.88,5,'2013-11-15 17:29:08','Sim',0,''),
 (168,1,0,1,76.00,5,'2013-11-15 17:32:06','Sim',0,''),
 (169,1,0,1,40.60,5,'2013-11-15 17:32:51','Sim',0,''),
 (170,1,0,2,96.00,5,'2013-11-15 17:33:28','Sim',0,''),
 (171,1,0,2,31.94,5,'2013-11-15 17:34:09','Sim',0,''),
 (172,1,0,2,83.52,5,'2013-11-15 17:36:09','Sim',0,''),
 (173,1,0,1,108.00,5,'2013-11-15 17:37:12','Sim',0,''),
 (174,1,0,1,54.00,5,'2013-11-15 17:37:38','Sim',0,''),
 (175,1,0,1,72.66,5,'2013-11-15 17:38:26','Sim',0,''),
 (176,1,0,1,36.33,5,'2013-11-15 17:44:37','Sim',0,''),
 (177,1,0,1,31.94,5,'2013-11-15 17:45:29','Sim',0,''),
 (178,1,0,2,7.00,5,'2013-11-15 17:46:22','Sim',0,''),
 (179,1,0,2,14.00,5,'2013-11-15 17:46:58','Sim',0,''),
 (180,1,0,2,175.00,5,'2013-11-15 17:48:02','Sim',0,''),
 (181,1,0,2,7.00,5,'2013-11-15 17:49:56','Sim',0,''),
 (182,1,0,2,4.52,5,'2013-11-15 17:53:04','Sim',0,''),
 (183,1,0,2,21.98,5,'2013-11-15 17:54:54','Sim',0,''),
 (184,1,0,1,73.79,5,'2013-11-15 17:55:14','Sim',0,''),
 (185,1,0,2,9.60,5,'2013-11-15 17:55:50','Sim',0,''),
 (186,1,0,2,18.00,5,'2013-11-15 17:56:17','Sim',0,''),
 (187,1,0,2,1.32,5,'2013-11-15 17:58:21','Sim',0,''),
 (188,1,0,2,268.56,5,'2013-11-15 18:00:32','Sim',0,''),
 (189,1,0,2,59.68,5,'2013-11-15 18:01:08','Sim',0,''),
 (190,1,0,1,76.56,5,'2013-11-15 18:02:21','Sim',0,''),
 (191,1,0,2,13.08,5,'2013-11-15 18:04:28','Sim',0,''),
 (192,1,0,1,222.36,5,'2013-11-15 18:04:57','Sim',0,''),
 (193,1,0,2,5.00,5,'2013-11-15 18:07:04','Sim',0,''),
 (194,1,0,2,69.00,5,'2013-11-15 18:11:55','Sim',0,''),
 (195,1,0,2,7.20,5,'2013-11-15 18:12:54','Sim',0,''),
 (196,1,0,2,11.50,5,'2013-11-15 18:15:58','Sim',0,''),
 (197,1,0,2,4.60,5,'2013-11-15 18:18:44','Sim',0,''),
 (199,1,0,2,4.72,5,'2013-11-16 18:13:52','Sim',0,''),
 (200,2,57,0,19.96,5,'2013-11-16 18:34:59','Sim',2,''),
 (201,2,57,0,19.99,5,'2013-11-16 18:36:19','Sim',2,''),
 (202,2,57,0,4.99,5,'2013-11-16 18:44:35','Sim',2,''),
 (203,2,57,0,19.99,5,'2013-11-16 18:45:53','Sim',2,''),
 (204,2,57,0,32.00,5,'2013-11-16 18:53:55','Sim',2,''),
 (205,2,57,0,19.99,5,'2013-11-16 18:55:49','Sim',2,''),
 (206,2,57,0,26.98,5,'2013-11-16 19:07:11','Sim',2,''),
 (207,1,0,2,6.00,5,'2013-11-16 19:42:09','Sim',0,''),
 (208,2,57,0,29.99,5,'2013-11-16 19:43:45','Sim',2,''),
 (209,10,0,2,303.97,5,'2013-11-16 19:44:44','Sim',2,'fechamento de caixa'),
 (210,9,0,2,303.97,5,'2013-11-16 19:49:45','Sim',2,'Abertura de caixa'),
 (211,2,57,0,5.00,5,'2013-11-16 19:58:25','Sim',2,''),
 (212,2,57,0,19.99,5,'2013-11-16 19:59:18','Sim',2,''),
 (213,2,57,0,19.99,5,'2013-11-16 19:59:47','Sim',2,''),
 (214,2,57,0,35.00,5,'2013-11-16 20:00:25','Sim',2,''),
 (215,2,57,0,9.98,5,'2013-11-16 20:01:23','Sim',2,''),
 (216,2,57,0,34.00,5,'2013-11-16 20:02:24','Sim',2,''),
 (217,2,57,0,9.98,5,'2013-11-16 20:06:16','Sim',2,''),
 (218,2,57,0,9.99,5,'2013-11-16 20:06:47','Sim',2,''),
 (219,2,57,0,9.99,5,'2013-11-16 20:07:33','Sim',2,''),
 (220,1,0,2,2.36,5,'2013-11-16 20:21:23','Sim',0,''),
 (221,1,0,2,101.20,5,'2013-11-16 20:23:36','Sim',0,''),
 (222,2,57,0,35.00,5,'2013-11-16 20:36:11','Sim',2,''),
 (223,2,57,0,9.99,5,'2013-11-16 20:42:01','Sim',2,''),
 (224,1,0,2,3.00,5,'2013-11-16 22:18:11','Sim',0,''),
 (225,2,57,0,53.47,5,'2013-11-16 22:22:25','Sim',2,''),
 (226,2,57,0,25.00,5,'2013-11-16 22:24:36','Sim',2,''),
 (227,2,57,0,25.00,5,'2013-11-16 22:25:46','Sim',2,''),
 (228,2,57,0,44.98,5,'2013-11-16 22:27:22','Sim',2,''),
 (229,2,57,0,24.98,5,'2013-11-16 22:29:27','Sim',2,''),
 (230,2,57,0,25.99,5,'2013-11-16 22:30:56','Sim',2,''),
 (231,2,57,0,19.99,5,'2013-11-16 22:31:54','Sim',2,''),
 (232,2,57,0,25.99,5,'2013-11-16 22:33:06','Sim',2,''),
 (233,2,57,0,19.99,5,'2013-11-16 22:34:04','Sim',2,''),
 (234,2,57,0,19.99,5,'2013-11-16 22:34:55','Sim',2,''),
 (235,2,57,0,9.99,5,'2013-11-16 22:35:55','Sim',2,''),
 (236,1,0,2,40.00,5,'2013-11-16 22:45:27','Sim',0,''),
 (237,2,57,0,85.00,5,'2013-11-16 22:46:44','Sim',2,''),
 (238,10,0,2,703.29,5,'2013-11-16 23:11:14','Sim',2,'fechamento de caixa'),
 (239,9,0,2,746.00,5,'2013-11-17 13:46:30','Sim',2,'Abertura de caixa'),
 (240,11,0,2,-42.71,5,'2013-11-17 13:46:30','Sim',2,'Ajuste de abertura de Caixa'),
 (241,2,57,0,14.99,5,'2013-11-17 13:49:14','Sim',2,''),
 (242,2,57,0,19.98,5,'2013-11-17 13:50:14','Sim',2,''),
 (243,2,57,0,44.99,5,'2013-11-17 13:51:56','Sim',2,''),
 (244,2,57,0,45.00,5,'2013-11-17 13:52:44','Sim',2,''),
 (245,2,57,0,4.99,5,'2013-11-17 13:54:16','Sim',2,''),
 (246,1,0,2,5.00,5,'2013-11-17 13:59:01','Sim',0,''),
 (247,2,57,0,34.48,5,'2013-11-17 14:01:29','Sim',2,''),
 (248,2,57,0,44.98,5,'2013-11-17 14:02:59','Sim',2,''),
 (249,2,57,0,19.99,5,'2013-11-17 14:03:40','Sim',2,''),
 (250,2,57,0,9.99,5,'2013-11-17 14:04:29','Sim',2,''),
 (251,1,0,2,3.00,5,'2013-11-17 14:09:23','Sim',0,''),
 (252,1,0,2,2.30,5,'2013-11-17 14:12:27','Sim',0,''),
 (253,1,0,2,2.30,5,'2013-11-17 14:13:21','Sim',0,''),
 (254,2,57,0,29.98,5,'2013-11-17 14:14:37','Sim',2,''),
 (255,2,57,0,35.00,5,'2013-11-17 14:15:19','Sim',2,''),
 (256,2,57,0,39.98,5,'2013-11-17 14:16:13','Sim',2,''),
 (257,1,0,2,5.00,5,'2013-11-17 14:25:25','Sim',0,''),
 (258,2,57,0,5.00,5,'2013-11-17 14:26:30','Sim',2,''),
 (259,2,57,0,19.99,5,'2013-11-17 14:27:17','Sim',2,''),
 (260,2,57,0,19.99,5,'2013-11-17 14:27:57','Sim',2,''),
 (261,2,57,0,34.99,5,'2013-11-17 14:30:33','Sim',2,''),
 (262,2,57,0,19.99,5,'2013-11-17 14:31:31','Sim',2,''),
 (263,2,57,0,49.97,4,'2013-11-17 14:41:35','Sim',2,''),
 (264,2,57,0,70.89,4,'2013-11-17 14:46:18','Sim',2,''),
 (265,2,57,0,2.00,4,'2013-11-17 14:48:17','Sim',2,''),
 (266,2,57,0,54.99,4,'2013-11-17 14:49:26','Sim',2,''),
 (267,2,57,0,9.99,4,'2013-11-17 14:50:18','Sim',2,''),
 (268,8,0,2,748.80,4,'2013-11-17 14:58:41','Sim',2,'Pagamento VA e VR - Flavia e Débora'),
 (269,10,0,2,229.20,4,'2013-11-17 14:59:44','Sim',2,'fechamento de caixa'),
 (270,11,0,2,0.13,4,'2013-11-17 14:59:44','Sim',2,'Ajuste de fechamento de Caixa'),
 (271,9,0,2,249.20,4,'2013-11-17 15:00:10','Sim',2,'Abertura de caixa'),
 (272,11,0,2,-20.00,4,'2013-11-17 15:00:10','Sim',2,'Ajuste de abertura de Caixa'),
 (273,1,0,2,3.66,4,'2013-11-17 15:52:42','Sim',0,''),
 (274,2,57,0,34.99,5,'2013-11-17 15:59:37','Sim',2,''),
 (275,2,57,0,17.00,5,'2013-11-17 16:00:33','Sim',2,''),
 (276,2,57,0,17.00,5,'2013-11-17 16:00:37','Sim',2,''),
 (277,2,57,0,54.99,5,'2013-11-17 16:01:29','Sim',2,''),
 (278,2,57,0,19.99,5,'2013-11-17 16:02:18','Sim',2,''),
 (279,2,57,0,9.99,5,'2013-11-17 16:02:54','Sim',2,''),
 (280,2,57,0,39.98,5,'2013-11-17 16:04:06','Sim',2,''),
 (281,2,57,0,4.99,5,'2013-11-17 16:04:49','Sim',2,''),
 (282,2,57,0,35.00,5,'2013-11-17 16:05:28','Sim',2,''),
 (283,2,57,0,19.99,5,'2013-11-17 16:06:22','Sim',2,''),
 (284,2,57,0,19.99,5,'2013-11-17 16:06:28','Sim',2,''),
 (285,2,57,0,39.97,5,'2013-11-17 16:15:02','Sim',2,''),
 (286,1,0,2,3.00,5,'2013-11-17 16:17:29','Sim',0,''),
 (287,2,57,0,27.98,5,'2013-11-17 16:18:32','Sim',2,''),
 (288,2,57,0,44.99,5,'2013-11-17 16:19:50','Sim',2,''),
 (289,2,57,0,35.00,5,'2013-11-17 16:20:33','Sim',2,''),
 (290,2,57,0,84.99,5,'2013-11-17 16:21:35','Sim',2,''),
 (291,2,57,0,74.99,5,'2013-11-17 16:23:35','Sim',2,''),
 (292,1,0,2,3.00,5,'2013-11-17 16:25:03','Sim',0,''),
 (293,2,57,0,19.99,5,'2013-11-17 16:26:16','Sim',2,''),
 (294,2,57,0,27.49,5,'2013-11-17 16:27:52','Sim',2,''),
 (295,2,57,0,19.99,5,'2013-11-17 16:28:29','Sim',2,''),
 (296,2,57,0,52.00,4,'2013-11-17 16:31:31','Sim',2,''),
 (297,1,0,2,2.36,4,'2013-11-17 16:32:52','Sim',0,''),
 (298,2,57,0,6.99,4,'2013-11-17 16:34:01','Sim',2,''),
 (299,2,57,0,44.99,4,'2013-11-17 16:34:56','Sim',2,''),
 (300,8,0,2,8.10,4,'2013-11-17 16:37:11','Sim',2,'Pgto Despesas'),
 (301,10,0,2,547.59,4,'2013-11-17 16:43:06','Sim',2,'fechamento de caixa'),
 (302,2,57,0,0.01,1,'2013-11-17 19:40:54','Sim',2,''),
 (303,2,57,0,0.01,1,'2013-11-19 22:36:06','Sim',1,''),
 (304,2,57,0,0.01,1,'2013-11-19 22:36:06','Sim',1,''),
 (305,2,57,0,0.01,1,'2013-11-19 22:43:20','Sim',1,''),
 (306,2,57,0,0.01,1,'2013-11-19 22:43:20','Sim',1,''),
 (307,2,57,0,0.01,1,'2013-11-19 22:46:55','Sim',1,''),
 (308,2,57,0,0.01,1,'2013-11-19 22:47:20','Sim',1,''),
 (309,2,57,0,0.01,1,'2013-11-19 22:47:20','Sim',1,''),
 (310,2,57,0,0.01,1,'2013-11-19 22:47:20','Sim',1,''),
 (311,2,57,0,0.01,1,'2013-11-19 22:47:20','Sim',1,''),
 (312,2,57,0,0.01,1,'2013-11-19 22:49:25','Sim',1,''),
 (313,2,57,0,0.01,1,'2013-11-19 22:49:26','Sim',1,''),
 (314,2,57,0,0.01,1,'2013-11-19 22:49:26','Sim',1,''),
 (315,2,57,0,0.01,1,'2013-11-19 23:09:37','Sim',1,''),
 (316,2,57,0,0.01,1,'2013-11-19 23:09:37','Sim',1,''),
 (317,2,57,0,0.01,1,'2013-11-19 23:14:29','Sim',1,''),
 (318,2,57,0,0.01,1,'2013-11-19 23:14:29','Sim',1,''),
 (319,2,57,0,0.01,1,'2013-11-19 23:14:29','Sim',1,''),
 (320,2,57,0,0.01,1,'2013-11-19 23:15:44','Sim',1,''),
 (321,2,57,0,0.01,1,'2013-11-19 23:15:45','Sim',1,''),
 (322,2,57,0,0.01,1,'2013-11-19 23:15:45','Sim',1,''),
 (323,2,57,0,0.01,1,'2013-11-19 23:15:45','Sim',1,''),
 (324,2,57,0,0.01,1,'2013-11-19 23:19:32','Sim',1,''),
 (325,2,57,0,35.00,1,'2013-11-19 23:24:52','Sim',1,''),
 (326,2,57,0,35.00,1,'2013-11-19 23:24:52','Sim',1,''),
 (327,2,57,0,35.00,1,'2013-11-19 23:24:52','Sim',1,''),
 (328,2,57,0,35.00,1,'2013-11-19 23:25:55','Sim',1,''),
 (329,2,57,0,35.00,1,'2013-11-19 23:27:53','Sim',1,''),
 (330,2,57,0,35.00,1,'2013-11-19 23:33:07','Sim',1,''),
 (331,2,57,0,0.01,1,'2013-11-21 18:28:56','Sim',2,''),
 (332,2,57,0,0.01,1,'2013-11-21 18:29:14','Sim',2,''),
 (333,2,57,0,0.01,1,'2013-11-21 18:44:53','Sim',2,''),
 (334,2,57,0,0.01,1,'2013-11-21 18:45:36','Sim',2,''),
 (335,2,57,0,0.01,1,'2013-11-21 18:49:18','Sim',2,''),
 (336,2,57,0,31.51,1,'2013-11-21 19:11:25','Sim',2,''),
 (337,2,57,0,35.00,1,'2013-11-23 14:23:39','Sim',2,''),
 (338,2,57,0,90.00,1,'2013-11-23 14:23:57','Sim',2,'');
/*!40000 ALTER TABLE `movimento` ENABLE KEYS */;


--
-- Definition of table `pedido`
--

DROP TABLE IF EXISTS `pedido`;
CREATE TABLE `pedido` (
  `id` int(10) NOT NULL AUTO_INCREMENT,
  `produto` int(10) DEFAULT NULL,
  `movimento` int(10) DEFAULT NULL,
  `quantidade` int(10) DEFAULT NULL,
  PRIMARY KEY (`id`),
  KEY `fk_produto_pedido_idx` (`produto`),
  KEY `fk_movto_pedido_idx` (`movimento`),
  CONSTRAINT `fk_movto_pedido` FOREIGN KEY (`movimento`) REFERENCES `movimento` (`id`) ON UPDATE NO ACTION,
  CONSTRAINT `fk_produto_pedido` FOREIGN KEY (`produto`) REFERENCES `produto` (`id`) ON UPDATE NO ACTION
) ENGINE=InnoDB DEFAULT CHARSET=latin1;

--
-- Dumping data for table `pedido`
--

/*!40000 ALTER TABLE `pedido` DISABLE KEYS */;
/*!40000 ALTER TABLE `pedido` ENABLE KEYS */;


--
-- Definition of table `permissao`
--

DROP TABLE IF EXISTS `permissao`;
CREATE TABLE `permissao` (
  `id` int(11) NOT NULL AUTO_INCREMENT,
  `descricao` varchar(45) DEFAULT NULL,
  PRIMARY KEY (`id`)
) ENGINE=InnoDB AUTO_INCREMENT=5 DEFAULT CHARSET=utf8;

--
-- Dumping data for table `permissao`
--

/*!40000 ALTER TABLE `permissao` DISABLE KEYS */;
INSERT INTO `permissao` (`id`,`descricao`) VALUES 
 (1,'sysadmin'),
 (2,'Supervisor'),
 (3,'Gerente loja'),
 (4,'Vendedor');
/*!40000 ALTER TABLE `permissao` ENABLE KEYS */;


--
-- Definition of table `permissoes`
--

DROP TABLE IF EXISTS `permissoes`;
CREATE TABLE `permissoes` (
  `id` int(11) NOT NULL AUTO_INCREMENT,
  `descricao` varchar(45) DEFAULT NULL,
  PRIMARY KEY (`id`)
) ENGINE=InnoDB AUTO_INCREMENT=5 DEFAULT CHARSET=utf8;

--
-- Dumping data for table `permissoes`
--

/*!40000 ALTER TABLE `permissoes` DISABLE KEYS */;
INSERT INTO `permissoes` (`id`,`descricao`) VALUES 
 (1,'sysadmin'),
 (2,'Gerente geral'),
 (3,'Gerente loja'),
 (4,'Vendedor');
/*!40000 ALTER TABLE `permissoes` ENABLE KEYS */;


--
-- Definition of table `produto`
--

DROP TABLE IF EXISTS `produto`;
CREATE TABLE `produto` (
  `id` int(11) NOT NULL AUTO_INCREMENT,
  `fornecedor_id` int(11) NOT NULL,
  `descricao` varchar(256) DEFAULT NULL,
  `preco_normal` double(6,2) DEFAULT NULL,
  `preco_promo` double(6,2) DEFAULT NULL,
  `desconto_maximo` int(11) DEFAULT NULL,
  `categoria_produto_id` int(11) NOT NULL,
  `custo` double(6,2) DEFAULT NULL,
  `ativo` varchar(5) DEFAULT NULL,
  `referencia` varchar(45) DEFAULT NULL,
  PRIMARY KEY (`id`),
  KEY `fk_produto_fornecedor_idx` (`fornecedor_id`),
  KEY `fk_produto_categoria_produto1_idx` (`categoria_produto_id`),
  CONSTRAINT `fk_produto_categoria_produto1` FOREIGN KEY (`categoria_produto_id`) REFERENCES `categoria_produto` (`id`),
  CONSTRAINT `fk_produto_fornecedor` FOREIGN KEY (`fornecedor_id`) REFERENCES `fornecedor` (`id`)
) ENGINE=InnoDB AUTO_INCREMENT=356 DEFAULT CHARSET=utf8;

--
-- Dumping data for table `produto`
--

/*!40000 ALTER TABLE `produto` DISABLE KEYS */;
INSERT INTO `produto` (`id`,`fornecedor_id`,`descricao`,`preco_normal`,`preco_promo`,`desconto_maximo`,`categoria_produto_id`,`custo`,`ativo`,`referencia`) VALUES 
 (24,56,'1 Produto para teste de formulario',0.01,0.00,1,13,0.04,'Sim','00000000'),
 (26,57,'oculos de sol modelo2',35.00,0.00,10,14,9.50,'Sim','spo000 - 35'),
 (27,57,'oculos de sol modelo1',35.00,25.00,25,14,7.50,'Sim','spo000'),
 (28,57,'Relogio Couro',19.99,0.00,0,19,5.72,'Sim','SPR004'),
 (29,57,'Bolsa maleta',79.90,0.00,10,22,31.94,'Sim','SPB 120'),
 (30,57,'Bolsa maleta',84.99,0.00,10,22,38.28,'Sim','SPB 132'),
 (31,57,'Bolsa maleta',89.99,0.00,10,22,40.60,'Sim','SPB 129'),
 (32,57,'Bolsa maleta',95.00,0.00,10,22,41.46,'Sim','SPB 127'),
 (33,57,'Bolsa maleta',74.99,0.00,10,22,32.48,'Sim','SPB 128'),
 (34,57,'Bolsa maleta',95.00,0.00,10,22,40.60,'Sim','SPB 135'),
 (35,57,'Bolsa maleta',90.00,0.00,10,22,42.00,'Sim','SPB 121'),
 (36,57,'Bolsa maleta',85.00,0.00,10,22,36.00,'Sim','SPB 107'),
 (37,57,'Bolsa maleta',90.00,0.00,10,22,39.60,'Sim','SPB 113'),
 (38,57,'Bolsa transversal',90.00,0.00,10,22,31.94,'Sim','SPB 119'),
 (39,57,'Bolsa transversal',75.00,0.00,10,22,32.48,'Sim','SPB 131'),
 (40,57,'Bolsa transversal',75.00,0.00,10,22,33.60,'Sim','SPB 114'),
 (41,57,'Bolsa transversal',90.00,0.00,10,22,51.60,'Sim','SPB 117'),
 (42,57,'Bolsa transversal',75.00,0.00,10,22,30.00,'Sim','SPB 111'),
 (43,57,'Bolsa transversal',90.00,0.00,10,22,36.00,'Sim','SPB 108'),
 (44,57,'Bolsa transversal',90.00,0.00,10,22,31.94,'Sim','SPB 118'),
 (45,57,'Bolsa transversal',75.00,0.00,10,22,31.94,'Sim','SPB 118'),
 (46,57,'Bolsa transversal',98.00,0.00,10,22,48.00,'Sim','SPB 110'),
 (47,57,'Bolsa transversal ',29.99,0.00,10,22,12.11,'Sim','SPB 095'),
 (48,57,'Bolsa trasnversal',29.99,0.00,10,22,12.11,'Sim','SPB 099'),
 (49,57,'Bolsa grande',129.90,0.00,10,22,48.00,'Sim','SPB 122'),
 (50,57,'Bolsa grande',129.90,0.00,10,22,54.00,'Sim','SPB 123'),
 (51,57,'Bolsa grande',149.00,0.00,10,22,54.00,'Sim','SPB 115'),
 (52,57,'Bolsa grande',109.90,0.00,10,22,48.00,'Sim','SPB 122'),
 (53,57,'Bolsa grande',135.00,0.00,10,22,54.00,'Sim','SPB 116'),
 (54,57,'Bolsa grande',124.90,0.00,10,22,42.00,'Sim','SPB 109'),
 (55,57,'Bolsa grande',135.00,0.00,10,22,54.00,'Sim','SPB 116'),
 (56,57,'Bolsa grande',140.00,0.00,10,22,54.00,'Sim','SPB 112'),
 (57,57,'Bolsa grande',94.99,0.00,10,22,48.43,'Sim','SPB 087'),
 (58,57,'Bolsa grande',119.99,94.99,30,22,42.38,'Sim','SPB 082'),
 (59,57,'Bolsa Grande',119.00,0.00,10,22,48.00,'Sim','SPB 124'),
 (60,57,'Bolsa grande',145.00,0.00,10,22,48.00,'Sim','SPB 105'),
 (61,57,'Bolsa grande',148.00,0.00,10,22,48.00,'Sim','SPB 103'),
 (62,57,'Bolsa grande',125.00,0.00,10,22,54.00,'Sim','SPB 115'),
 (63,57,'Bolsa grande',109.00,0.00,10,22,49.88,'Sim','SPB130'),
 (64,57,'Bolsa grande',124.90,0.00,10,22,48.00,'Sim','SPB 105'),
 (65,57,'Bolsa grande',125.00,0.00,10,22,51.60,'Sim','SPB 117'),
 (66,57,'Bolsa Grande',124.99,0.00,10,22,48.43,'Sim','SPB 085'),
 (67,57,'Bolsa grande',125.00,0.00,10,22,40.00,'Sim','SPB 137'),
 (68,57,'Gloss',9.99,5.00,50,31,2.75,'Sim','SPM 002'),
 (69,57,'Sombra',14.90,0.00,50,31,2.86,'Sim','SPM 000'),
 (70,57,'Lenco triangulo',14.99,9.99,30,24,5.65,'Sim','SPL 000'),
 (71,57,'Passador',7.90,3.00,70,23,2.00,'Sim','SPA 005'),
 (72,57,'Piranha',3.00,0.00,10,23,0.87,'Sim','SPA 036'),
 (73,57,'Anel pedra',9.99,0.00,10,21,1.98,'Sim','SPJ 059'),
 (74,57,'Anel pedra promo',9.99,5.00,50,21,1.88,'Sim','SPJ 059'),
 (75,57,'Anel 3 dedos',9.99,5.00,60,21,1.88,'Sim','SPJ 059'),
 (76,57,'Pulseira',9.99,0.00,10,15,3.00,'Sim','SPJ 082'),
 (77,57,'Colar',19.99,0.00,20,16,3.60,'Sim','SPJ 125'),
 (78,57,'Colar',29.90,0.00,20,16,5.50,'Sim','SPJ 122'),
 (79,57,'Colar',29.99,0.00,20,16,4.80,'Sim','SPJ 129'),
 (80,57,'Colar',29.99,0.00,20,16,6.00,'Sim','SPJ 122'),
 (81,57,'Colar',29.99,0.00,20,16,7.20,'Sim','SPJ 126'),
 (82,57,'Corrente',14.99,0.00,20,34,3.60,'Sim','SPJ 184'),
 (83,57,'Corrente',14.99,0.00,20,34,0.96,'Sim','SPJ 162'),
 (84,57,'Corrente',32.00,0.00,20,34,8.45,'Sim','GUA 012'),
 (85,57,'Corrente',29.99,0.00,20,34,5.50,'Sim','SPJ 127'),
 (86,57,'Colar',36.90,0.00,20,16,9.45,'Sim','GUA 014'),
 (87,57,'Corrente',44.90,0.00,20,34,12.45,'Sim','GUA 016'),
 (88,57,'Corrente',29.99,0.00,20,34,6.00,'Sim','SPJ 122'),
 (89,57,'Corrente',29.99,0.00,20,34,9.60,'Sim','SPJ 123'),
 (90,57,'Corrente',14.99,0.00,20,34,1.45,'Sim','SPJ 178'),
 (91,57,'Pulseira',24.99,0.00,20,15,6.32,'Sim','SPJ 124'),
 (92,57,'Pulseira',17.50,0.00,20,15,2.39,'Sim','SPJ 149'),
 (93,57,'Pulseira',14.99,0.00,20,15,2.39,'Sim','SPJ 150'),
 (94,57,'Pulseira',16.99,0.00,20,15,3.58,'Sim','SPJ 151'),
 (95,57,'Pulseira',14.99,4.99,20,15,2.38,'Sim','SPJ 110'),
 (96,57,'Bracelete',11.99,4.99,70,33,1.91,'Sim','SPJ 137'),
 (97,57,'Bracelete',14.99,4.99,70,33,2.90,'Sim','SPJ 181'),
 (98,57,'Bracelete',14.99,4.99,70,33,1.93,'Sim','SPJ 177'),
 (99,57,'Pulseira',16.50,9.99,50,15,6.00,'Sim','SPJ 136'),
 (100,57,'Anel 3 dedos',19.99,0.00,20,21,6.00,'Sim','SPJ 130'),
 (101,57,'Necessaire',24.99,14.99,50,26,5.80,'Sim','SPN 009'),
 (102,57,'Necessaire',19.99,14.99,50,26,4.31,'Sim','SPN 008'),
 (103,57,'Necessaire',9.99,4.99,50,26,1.32,'Sim','SPN 006'),
 (104,57,'Niqueleira',5.00,0.00,30,26,1.20,'Sim','SPB 027'),
 (105,57,'Pulseira promo',9.99,5.00,60,15,3.00,'Sim','SPJ 082'),
 (106,57,'Pulseira',19.90,4.99,80,15,4.00,'Sim','POA 020'),
 (107,57,'Necessaire',14.99,9.99,50,26,3.45,'Sim','SPN 007'),
 (108,57,'Necessaire',19.99,9.99,60,26,3.45,'Sim','SPN 010'),
 (109,57,'Cinto',30.00,0.00,20,18,7.00,'Sim','SPC 008'),
 (110,57,'Cinto',25.00,0.00,20,18,7.00,'Sim','SPC 009'),
 (111,57,'Cinto',30.00,9.99,80,18,7.00,'Sim','SPC 008'),
 (114,57,'Cinto',34.99,0.00,20,18,16.00,'Sim','SPA 035'),
 (115,57,'Cinto',29.90,0.00,20,18,9.60,'Sim','SPA 032'),
 (116,57,'Cinto',24.99,0.00,20,18,6.00,'Sim','SPA 031'),
 (117,57,'Cinto',29.90,0.00,20,18,12.00,'Sim','SPA 033'),
 (118,57,'Cinto',19.90,0.00,20,18,5.80,'Sim','SPC 002'),
 (119,57,'Cinto',25.00,0.00,20,18,5.65,'Sim','SPC 009'),
 (120,57,'Cinto masculino',19.99,0.00,20,18,6.00,'Sim','SPA 030'),
 (121,57,'Cinto',24.99,0.00,20,18,8.50,'Sim','SPC 028'),
 (122,57,'Cinto',14.99,0.00,20,18,4.00,'Sim','SPA 027'),
 (123,57,'Cinto',24.99,0.00,20,18,8.00,'Sim','SPA 028'),
 (124,57,'Cinto',29.99,0.00,20,18,9.69,'Sim','SPC 026'),
 (125,57,'Cinto',14.90,0.00,20,18,5.90,'Sim','SPC 004'),
 (126,57,'Cinto',29.99,9.99,80,18,10.00,'Sim','POAC 000'),
 (127,57,'Carteira Masculina',22.00,0.00,10,20,6.94,'Sim','SPA 011'),
 (128,57,'Carteira Masculina',25.00,0.00,10,20,8.00,'Sim','SPA 025'),
 (129,57,'Carteira Pequena',29.99,0.00,10,20,13.08,'Sim','SPJ 022'),
 (130,57,'Carteira Grande',45.00,0.00,10,20,14.92,'Sim','SPA 020'),
 (131,57,'Carteira Média',35.00,0.00,10,20,12.76,'Sim','SPA 036'),
 (132,57,'Carteira',9.99,0.00,10,20,3.16,'Sim','SPJ 148'),
 (133,57,'Carteira',19.99,0.00,10,20,6.00,'Sim','SPA 021'),
 (134,57,'Carteira',14.99,0.00,10,20,4.80,'Sim','SPA 022'),
 (135,57,'Porta Cartão',19.99,0.00,10,20,8.12,'Sim','SPA 037'),
 (136,57,'Porta Cartão',14.99,0.00,10,20,3.84,'Sim','SPA 029'),
 (137,57,'Brinco Furo',17.00,0.00,10,17,5.00,'Sim','0015'),
 (138,57,'Corrente',39.99,0.00,10,34,10.17,'Sim','SPJ 131'),
 (139,57,'Corrente',44.99,0.00,10,34,11.67,'Sim','SPJ 132'),
 (141,57,'Anel',9.99,7.50,10,21,2.14,'Sim','SPJ 059'),
 (142,57,'Bracelete',17.50,4.99,70,33,3.39,'Sim','SPJ 114'),
 (143,57,'Bracelete',19.99,4.99,70,33,3.74,'Sim','SPJ 206'),
 (144,57,'Bracelete',14.99,4.99,70,33,2.40,'Sim','SPJ 157'),
 (145,57,'Bracelete',29.99,4.99,85,33,9.00,'Sim','SPJ 167'),
 (146,57,'Bracelete',11.99,4.99,70,33,2.40,'Sim','SPJ 158'),
 (147,57,'Bracelete',29.99,4.99,80,33,9.34,'Sim','SPJ 211'),
 (148,57,'Bracelete',19.99,4.99,70,33,3.44,'Sim','SPJ 208'),
 (149,57,'Bracelete',32.00,9.99,85,33,9.83,'Sim','SPJ 212'),
 (150,57,'Colar',18.50,0.00,20,16,18.50,'Sim','SPJ 161'),
 (151,57,'Colar',19.99,0.00,20,16,3.54,'Sim','SPJ 205'),
 (152,57,'Colar',18.50,0.00,20,16,3.69,'Sim','SPJ 128'),
 (153,57,'Colar',18.50,0.00,20,16,3.69,'Sim','SPJ 129'),
 (154,57,'Colar',21.99,0.00,20,16,4.60,'Sim','SPJ 114'),
 (155,57,'Colar',19.99,0.00,20,16,4.06,'Sim','SPJ 182'),
 (156,57,'Colar',19.99,0.00,20,16,4.06,'Sim','SPJ 101'),
 (157,57,'Relógio',84.90,0.00,20,19,23.90,'Sim','SPR 031'),
 (158,57,'Relogio',59.99,0.00,20,19,18.56,'Sim','SPR 036'),
 (159,57,'Relogio',69.99,0.00,20,19,20.88,'Sim','SPR 038'),
 (160,57,'Relogio',79.99,0.00,20,19,23.90,'Sim','SPR 030'),
 (161,57,'Relogio',34.99,0.00,20,19,10.80,'Sim','SPR 022'),
 (162,57,'Relogio',72.00,0.00,20,19,22.00,'Sim','SPR 027'),
 (163,57,'Relogio',79.90,0.00,20,19,23.90,'Sim','SPR 030'),
 (164,57,'Relogio',79.99,0.00,20,19,22.60,'Sim','SPR 014'),
 (165,57,'Relogio',42.00,0.00,20,19,10.17,'Sim','SPR 019'),
 (166,57,'Relogio',45.00,0.00,20,19,9.04,'Sim','SPR 021'),
 (167,57,'Relogio',69.90,0.00,20,19,20.40,'Sim','SPR 024'),
 (168,57,'Relogio',74.99,0.00,20,19,20.88,'Sim','SPR 081'),
 (169,57,'Relogio',74.90,0.00,20,19,20.88,'Sim','SPR 037'),
 (170,57,'Relogio',78.00,0.00,20,19,22.00,'Sim','SPR 023'),
 (171,57,'Relogio',69.90,0.00,20,19,23.90,'Sim','SPR 032'),
 (172,57,'Relogio',40.00,0.00,20,19,12.00,'Sim','SPR 005'),
 (173,57,'Relogio',59.90,0.00,20,19,16.80,'Sim','SPR 008'),
 (174,57,'Relogio',49.90,0.00,20,19,9.04,'Sim','SPR 010'),
 (175,57,'Relogio',69.90,0.00,20,19,22.60,'Sim','SPR 015'),
 (176,57,'Relogio',74.99,0.00,20,19,22.60,'Sim','SPR 014'),
 (177,57,'Relogio',79.90,0.00,20,19,24.00,'Sim','SPR 026'),
 (178,57,'Relogio',79.90,0.00,20,19,23.90,'Sim','SPR 034'),
 (179,57,'Cinto',30.00,0.00,30,18,7.91,'Sim','SPC 008'),
 (180,57,'Pulseira',17.50,4.99,80,15,5.00,'Sim','SPJ 171'),
 (181,57,'Pulseira',17.90,0.00,20,15,6.00,'Sim','SPJ 091'),
 (182,57,'Pulseira',14.99,0.00,20,15,3.13,'Sim','SPJ 121'),
 (183,57,'Pulseira',19.99,0.00,20,15,4.83,'Sim','SPJ 123'),
 (184,57,'Pulseira',19.99,0.00,20,15,3.13,'Sim','SPJ 122'),
 (185,57,'Pulseira',14.99,0.00,20,15,2.60,'Sim','SPJ 202'),
 (186,57,'Pulseira',14.99,0.00,20,15,5.00,'Sim','SPJ 110'),
 (187,57,'Pulseira',19.99,0.00,20,15,6.60,'Sim','POA 051'),
 (188,57,'Pulseira',16.00,0.00,20,15,3.20,'Sim','SPJ 195'),
 (189,57,'Tornozeleira',9.99,4.99,20,32,1.46,'Sim','SPJ 183'),
 (190,57,'Corrente',9.99,0.00,20,34,3.00,'Sim','POA 058'),
 (191,57,'Corrente',9.99,0.00,20,34,1.15,'Sim','SPJ 142'),
 (192,57,'Corrente',14.99,0.00,20,34,0.96,'Sim','SPJ 162'),
 (193,57,'Corrente',14.99,0.00,20,34,1.43,'Sim','SPJ 143'),
 (194,57,'Corrente',14.99,0.00,20,34,2.40,'Sim','SPJ 196'),
 (195,57,'Corrente',14.99,0.00,20,34,2.00,'Sim','SPJ 079'),
 (196,57,'Pulseira de mão',19.99,0.00,20,15,6.00,'Sim','SPJ 135'),
 (197,57,'Pulseira',14.99,0.00,20,15,1.79,'Sim','SPJ 138'),
 (198,57,'Corrente',29.99,0.00,20,34,9.60,'Sim','SPJ 123'),
 (199,57,'Colar',44.99,0.00,20,16,18.00,'Sim','SPJ 124'),
 (200,57,'Conjunto festa',40.00,0.00,20,30,10.62,'Sim','SPJ 203'),
 (201,57,'Conjunto',19.90,0.00,20,25,3.00,'Sim','SPJ 105'),
 (202,57,'Conjunto festa',44.90,0.00,20,30,9.20,'Sim','SPJ 112'),
 (203,57,'Conjunto festa',40.00,0.00,20,30,9.20,'Sim','SPJ 147'),
 (204,57,'Conjunto',39.90,0.00,20,25,12.45,'Sim','GUA 017'),
 (205,57,'Conjunto',49.90,0.00,20,25,14.15,'Sim','GUA 009'),
 (206,57,'Maxi colar',29.99,0.00,20,29,4.80,'Sim','SPJ 129'),
 (207,57,'Maxi colar',29.99,0.00,20,29,7.20,'Sim','SPJ 126'),
 (208,57,'Maxi colar',29.99,0.00,20,29,10.62,'Sim','SPJ 203'),
 (209,57,'Brinco',2.00,0.00,10,17,0.30,'Sim','7202'),
 (210,57,'Corrente',44.90,0.00,20,34,10.58,'Sim','SPJ 129'),
 (211,57,'Corrente',32.00,0.00,20,34,8.45,'Sim','GUA 012'),
 (212,57,'Corrente prata',54.90,0.00,20,34,18.30,'Sim','3371'),
 (213,57,'Corrente',64.90,0.00,20,34,18.00,'Sim','GUA 020'),
 (214,57,'Corrente',53.00,0.00,20,34,17.60,'Sim','3100'),
 (215,57,'Corrente',39.99,0.00,20,34,12.45,'Sim','GUA 017'),
 (216,57,'Corrente',44.90,0.00,20,34,12.90,'Sim','GUA 011'),
 (217,57,'Corrente',44.90,0.00,20,34,12.45,'Sim','GUA 016'),
 (218,57,'Corrente',39.90,0.00,20,34,9.45,'Sim','GUA 014'),
 (219,57,'Corrente dupla trevo',53.00,24.99,60,34,17.67,'Sim','3100'),
 (220,57,'Corrente',44.90,0.00,20,34,12.45,'Sim','GUA 007'),
 (221,57,'Corrente',21.90,0.00,20,34,7.33,'Sim','28380'),
 (222,57,'Corrente',43.70,0.00,20,34,14.57,'Sim','3088'),
 (223,57,'Relogio',84.90,0.00,20,19,23.90,'Sim','SPR 081'),
 (224,57,'Relogio',69.90,0.00,20,19,23.90,'Sim','SPR 025'),
 (225,57,'Relogio',74.90,0.00,20,19,22.00,'Sim','SPR 038'),
 (226,57,'Relogio',49.99,0.00,20,19,10.00,'Sim','SPR 136'),
 (227,57,'Relogio',35.00,0.00,20,19,9.00,'Sim','SPR 080'),
 (228,57,'Relogio',44.99,0.00,20,19,12.00,'Sim','POA 053'),
 (229,57,'Relogio',35.00,0.00,20,19,10.00,'Sim','PAR 000'),
 (230,57,'Relogio brilho',39.90,0.00,20,19,12.00,'Sim','sc'),
 (231,57,'Pulseira',19.90,0.00,20,15,5.00,'Sim','7037'),
 (232,57,'Pulseira',19.99,0.00,20,15,3.54,'Sim','SPJ 204'),
 (233,57,'Pulseira',9.99,4.99,20,15,2.15,'Sim','SPJ 138'),
 (234,57,'Pulseira',19.90,4.99,20,15,5.00,'Sim','SPJ 004'),
 (235,57,'Pulseira',17.50,4.99,20,19,6.00,'Sim','SPJ 171'),
 (236,57,'Pulseira',9.99,4.99,20,15,3.30,'Sim','SPJ 082'),
 (237,57,'Bracelete',14.99,9.99,20,33,5.00,'Sim','POA 060'),
 (238,57,'Pulseira',24.99,9.99,20,15,4.80,'Sim','SPJ 190'),
 (239,57,'Pulseira',17.90,0.00,20,15,3.50,'Sim','SPJ 091'),
 (240,57,'Pulseira',12.00,0.00,20,15,3.98,'Sim','SPJ 152'),
 (241,57,'Bracelete',14.99,0.00,20,33,3.29,'Sim','SPJ 140'),
 (242,57,'Pulseira',52.00,0.00,40,15,20.00,'Sim','28135'),
 (243,57,'Pulseira',25.50,14.99,40,15,7.00,'Sim','4251'),
 (244,57,'Bracelete',14.99,0.00,20,33,2.99,'Sim','SPJ 144'),
 (245,57,'Colar',19.99,0.00,20,16,5.00,'Sim','SPJ 122'),
 (246,57,'Colar',23.00,0.00,10,16,5.00,'Sim','SPJ 204'),
 (247,57,'Colar ',19.90,0.00,20,16,5.00,'Sim','SPJ 148'),
 (248,57,'Corrente',14.99,14.99,0,34,5.00,'Sim','POA 050'),
 (249,57,'Corrente',19.99,0.00,20,34,5.00,'Sim','POA 025'),
 (250,57,'Corrente',27.99,0.00,20,34,9.00,'Sim','SPJ 128'),
 (251,57,'Corrente',67.00,39.99,35,34,22.00,'Sim','3251'),
 (252,57,'Corrente',55.00,34.99,35,34,18.30,'Sim','s ref folhada'),
 (253,57,'Corrente',29.99,0.00,20,34,10.00,'Sim','SPJ 118'),
 (254,57,'Corrente',29.99,0.00,20,34,10.00,'Sim','SPJ 117'),
 (255,57,'Bracelete',14.99,0.00,20,33,5.00,'Sim','SPJ 198'),
 (256,57,'Pulseira',17.99,0.00,20,15,2.39,'Sim','SPJ 143'),
 (257,57,'Pulseira',14.99,0.00,20,15,3.44,'Sim','SPJ 108'),
 (258,57,'Pulseira',62.90,24.99,60,15,20.96,'Sim','3356'),
 (259,57,'Pulseira',42.90,19.99,50,15,14.30,'Sim','X0010'),
 (260,57,'Pulseira',47.00,24.99,50,15,15.66,'Sim','28243'),
 (261,57,'Pulseira',49.90,24.99,50,15,24.99,'Sim','3041'),
 (262,57,'Colar',29.99,20.00,40,16,5.50,'Sim','SPJ 127'),
 (263,57,'Colar',19.99,0.00,20,16,4.80,'Sim','SPJ 129'),
 (264,57,'Colar',14.99,0.00,20,16,2.40,'Sim','SPJ 159'),
 (266,57,'Colar',19.99,0.00,20,16,4.60,'Sim','SPJ 112'),
 (267,57,'Colar',21.99,0.00,20,16,4.60,'Sim','SPJ 114'),
 (268,57,'Colar',14.90,0.00,20,16,3.00,'Sim','SPJ 066'),
 (269,57,'Colar',19.99,0.00,20,16,5.09,'Sim','SPJ 111'),
 (270,57,'Cilios',4.99,0.00,20,31,1.08,'Sim','SPM 003'),
 (271,57,'Aer cuff',14.99,0.00,10,17,4.81,'Sim','SPJ 204'),
 (272,57,'Aer Cuff',39.99,0.00,10,17,15.84,'Sim','SPJ 133'),
 (274,57,'Aer Cuff',19.99,0.00,10,17,4.81,'Sim','SPJ 205'),
 (275,57,'Aer Cuff',14.99,0.00,10,17,3.84,'Sim','SPJ 131'),
 (276,57,'Brinco',9.99,4.99,50,17,2.00,'Sim','s ref'),
 (277,57,'Brinco',35.80,4.99,50,17,11.93,'Sim','28177'),
 (278,57,'Brinco',47.00,4.99,0,17,15.66,'Sim','35004'),
 (279,57,'Brinco',9.99,4.99,50,17,2.00,'Sim','POA 021'),
 (280,57,'Brinco',36.60,14.99,70,17,12.20,'Sim','4000'),
 (281,57,'Brinco',36.40,14.99,70,17,12.13,'Sim','3328'),
 (282,57,'Brinco',29.90,14.99,50,17,9.96,'Sim','4402'),
 (283,57,'Brinco',14.99,0.00,0,17,14.99,'Sim','s ref folheado'),
 (284,57,'Brinco',29.70,14.99,50,17,9.90,'Sim','24020'),
 (285,57,'Anel falange',9.99,0.00,20,21,2.16,'Sim','SPJ 059'),
 (286,57,'Colar',19.99,0.00,20,16,2.40,'Sim','SPJ 160'),
 (287,57,'Maxi Colar',19.99,0.00,20,29,6.60,'Sim','SPJ 122'),
 (288,57,'Maxi Colar',23.00,0.00,20,29,6.50,'Sim','SPJ 204'),
 (289,57,'Corrente',14.99,0.00,20,34,5.00,'Sim','SPJ 135'),
 (290,57,'Corrente',14.99,0.00,20,34,5.00,'Sim','SPJ 079'),
 (291,57,'Corrente',43.50,0.00,20,34,14.50,'Sim','28517'),
 (292,57,'Corrente',19.90,0.00,20,34,5.00,'Sim','SPJ 098'),
 (293,57,'Cinto',24.99,9.99,20,18,4.52,'Sim','SPC 007'),
 (294,57,'Cinto',9.99,0.00,50,18,1.57,'Sim','SPC 001'),
 (295,57,'Bolsa Grande',129.90,0.00,10,22,46.40,'Sim','SPB 138'),
 (297,57,'Bolsa Grande',124.90,0.00,10,22,46.40,'Sim','SPB 139'),
 (298,57,'Bolsa Grande',119.40,0.00,10,22,46.40,'Sim','SPB 140'),
 (299,57,'Bolsa Grande',139.90,0.00,10,22,46.40,'Sim','SPB 141'),
 (300,57,'Bolsa Grande',139.90,0.00,10,22,49.88,'Sim','SPB 142'),
 (301,57,'Bolsa Grande',134.90,0.00,10,22,46.40,'Sim','SPB 143'),
 (302,57,'Bolsa atravessar',84.90,0.00,10,22,34.80,'Sim','SPB 144'),
 (303,57,'Bolsa atravessar pequena',44.90,0.00,10,22,17.40,'Sim','SPB 145'),
 (304,57,'Bolsa Grande',149.90,0.00,10,22,63.80,'Sim','SPB146'),
 (305,57,'Relogio',49.99,0.00,10,19,13.34,'Sim','SPR 040'),
 (306,57,'Relogio',64.99,0.00,10,19,20.88,'Sim','SPR 041'),
 (307,57,'Bracelete',19.99,0.00,10,33,4.64,'Sim','SPJ 153'),
 (308,57,'Brinco',14.99,0.00,20,17,3.00,'Sim','SPJ 208'),
 (309,57,'Brinco',11.99,0.00,20,17,3.86,'Sim','SPJ 210'),
 (310,57,'Brinco strass',17.99,0.00,10,17,4.64,'Sim','SPJ 211'),
 (311,57,'Brinco',9.99,0.00,10,17,2.12,'Sim','SPJ 209'),
 (312,57,'Brinco Pérola_Brinde',0.31,0.01,0,17,0.32,'Sim','S/Ref'),
 (313,57,'Gravata',14.99,0.00,30,36,4.07,'Sim','SPA 023'),
 (314,57,'Brinco',14.99,0.00,20,17,3.50,'Sim','SPJ 146'),
 (315,57,'Brinco',11.99,0.00,20,17,2.85,'Sim','SPJ 147'),
 (316,57,'Brinco',9.99,0.00,20,17,1.02,'Sim','SPJ 145'),
 (317,57,'Brinco',14.99,0.00,20,17,3.00,'Sim','SPJ 206'),
 (318,57,'Pulseira',9.99,0.00,20,15,1.20,'Sim','SPJ 198'),
 (319,57,'Brinco',4.99,0.00,10,17,0.39,'Sim','SPJ 206'),
 (320,57,'Broche',9.99,0.00,20,35,1.75,'Sim','SPA 017'),
 (321,57,'Pulseira',13.99,0.00,20,15,2.80,'Sim','SPJ 137'),
 (322,57,'Pulseira',7.50,0.00,20,15,1.40,'Sim','SPJ 137'),
 (323,57,'Pulseira',9.99,0.00,20,15,1.50,'Sim','SPJ 189'),
 (324,57,'Pulseira',9.99,0.00,20,15,1.50,'Sim','SPJ 192'),
 (325,57,'Pulseira',11.99,0.00,20,15,2.36,'Sim','SPJ 109'),
 (326,57,'Pulseira',17.50,0.00,20,15,2.99,'Sim','SPJ 139'),
 (327,57,'Pulseira',15.99,0.00,20,15,2.99,'Sim','SPJ 141'),
 (328,57,'Pulseira',19.99,0.00,20,15,3.44,'Sim','SPJ 209'),
 (329,57,'Pulseira',9.99,0.00,20,15,1.00,'Sim','SPJ 187'),
 (330,57,'Pulseira',14.99,0.00,20,15,3.00,'Sim','SPJ 198'),
 (331,57,'Pulseira',7.99,0.00,20,15,1.20,'Sim','SPJ 200'),
 (332,57,'Pulseira',14.99,0.00,20,15,1.73,'Sim','SPJ 139'),
 (333,57,'Pulseira',9.99,0.00,20,15,2.00,'Sim','SPJ 138'),
 (334,57,'Pulseira',14.99,0.00,20,15,1.93,'Sim','SPJ 177'),
 (335,57,'Bolsa maleta',89.00,0.00,10,22,38.00,'Sim','SPJ 133'),
 (336,57,'Bolsa maleta',95.00,0.00,10,22,41.76,'Sim','SPJ 134'),
 (337,57,'Maxi Colar Promo',44.99,4.99,95,29,11.50,'Sim','SPJ 145'),
 (338,57,'Maxi Colar Promo',49.99,9.99,90,29,11.50,'Sim','SPJ 120'),
 (339,57,'Maxi Colar Promo',29.99,9.99,70,29,4.60,'Sim','SPJ 113'),
 (340,57,'Porta Relogio',0.00,0.00,0,27,0.00,'Sim','s ref'),
 (341,57,'Caixa',6.00,0.00,0,27,4.40,'Sim','s ref'),
 (342,57,'Caixa Grande',0.00,0.00,0,27,0.00,'Sim','s ref'),
 (343,57,'Saco Peq',0.00,0.00,0,27,0.00,'Sim','s ref'),
 (344,57,'Saco Medio',0.00,0.00,0,27,0.00,'Sim','s ref'),
 (345,57,'Saco Grande',0.00,0.00,0,27,0.00,'Sim','s ref'),
 (346,57,'Bracelete',11.99,4.99,70,33,2.36,'Sim','SPJ 109'),
 (347,57,'Pulseira',14.90,5.00,70,15,3.00,'Sim','SPJ 089'),
 (348,57,'Pulseira',10.00,5.00,50,15,3.00,'Sim','SPJ 142'),
 (349,57,'Bolsa',85.00,0.00,10,22,40.00,'Sim','SPJ 127'),
 (350,57,'Pulseira',19.99,5.00,70,15,5.00,'Sim','SPJ 119'),
 (351,57,'Pulseira',10.00,0.00,20,15,2.30,'Sim','SPJ 142'),
 (352,57,'Pulseira',19.99,5.00,70,15,5.00,'Sim','SPJ 114'),
 (353,57,'Estojo oculos',15.00,0.00,10,27,3.66,'Sim','s ref'),
 (354,57,'Brinco',9.99,0.00,20,17,3.00,'Sim','SPJ 107'),
 (355,57,'Caixa',5.00,0.00,10,27,3.00,'Sim','s ref');
/*!40000 ALTER TABLE `produto` ENABLE KEYS */;


--
-- Definition of trigger `on_create_produto`
--

DROP TRIGGER /*!50030 IF EXISTS */ `on_create_produto`;

DELIMITER $$

CREATE DEFINER = `root`@`localhost` TRIGGER `on_create_produto` AFTER INSERT ON `produto` FOR EACH ROW BEGIN

  declare loja integer default 0;
  declare acabou integer default 0;

  declare loja_cursor CURSOR FOR
  SELECT loja.id FROM loja;

  DECLARE CONTINUE HANDLER
        FOR NOT FOUND SET acabou = 1;

  OPEN loja_cursor;

  insert_produto:LOOP

    FETCH loja_cursor INTO loja;

    IF acabou = 1 THEN
            LEAVE insert_produto;
        END IF;

    INSERT INTO estoque values (null,new.id,loja,0,now());

  END LOOP insert_produto;
  CLOSE loja_cursor;


END $$

DELIMITER ;

--
-- Definition of table `tipo_financeiro`
--

DROP TABLE IF EXISTS `tipo_financeiro`;
CREATE TABLE `tipo_financeiro` (
  `id` int(10) unsigned NOT NULL AUTO_INCREMENT,
  `descricao_fin` varchar(45) NOT NULL,
  `prazo_fin` int(4) unsigned NOT NULL,
  PRIMARY KEY (`id`)
) ENGINE=InnoDB AUTO_INCREMENT=9 DEFAULT CHARSET=latin1;

--
-- Dumping data for table `tipo_financeiro`
--

/*!40000 ALTER TABLE `tipo_financeiro` DISABLE KEYS */;
INSERT INTO `tipo_financeiro` (`id`,`descricao_fin`,`prazo_fin`) VALUES 
 (1,'Dinheiro',0),
 (2,'Debito',0),
 (3,'Crédito à Vista',0),
 (4,'Crédito 1x',30),
 (5,'Crédito 2x',60),
 (6,'Crédito 3x',90),
 (7,'Crédito 4x',120),
 (8,'A combinar',0);
/*!40000 ALTER TABLE `tipo_financeiro` ENABLE KEYS */;


--
-- Definition of table `tipo_movimento`
--

DROP TABLE IF EXISTS `tipo_movimento`;
CREATE TABLE `tipo_movimento` (
  `id` int(11) NOT NULL AUTO_INCREMENT,
  `descricao` varchar(45) DEFAULT NULL,
  `sentido` varchar(45) DEFAULT NULL,
  PRIMARY KEY (`id`)
) ENGINE=InnoDB AUTO_INCREMENT=12 DEFAULT CHARSET=utf8;

--
-- Dumping data for table `tipo_movimento`
--

/*!40000 ALTER TABLE `tipo_movimento` DISABLE KEYS */;
INSERT INTO `tipo_movimento` (`id`,`descricao`,`sentido`) VALUES 
 (1,'Entrada','entrada'),
 (2,'Venda','saida'),
 (3,'Quebra','saida'),
 (4,'Desgaste','saida'),
 (5,'Extravio','saida'),
 (6,'Tranferência','transferencia'),
 (7,'Devolução','entrada'),
 (8,'Retirada/despesa','saída'),
 (9,'Abertura de caixa','entrada'),
 (10,'Fechamento de caixa','saída'),
 (11,'Ajuste de troco','ajuste');
/*!40000 ALTER TABLE `tipo_movimento` ENABLE KEYS */;


--
-- Definition of table `usuario`
--

DROP TABLE IF EXISTS `usuario`;
CREATE TABLE `usuario` (
  `id` int(11) NOT NULL AUTO_INCREMENT,
  `user_id` varchar(128) DEFAULT NULL,
  `comissao` double(6,2) DEFAULT NULL,
  `senha` varchar(45) DEFAULT NULL,
  `senha_provisoria` varchar(1) DEFAULT 'S',
  `nome` varchar(145) DEFAULT NULL,
  `ativo` varchar(1) NOT NULL DEFAULT 'S',
  PRIMARY KEY (`id`)
) ENGINE=InnoDB AUTO_INCREMENT=6 DEFAULT CHARSET=utf8;

--
-- Dumping data for table `usuario`
--

/*!40000 ALTER TABLE `usuario` DISABLE KEYS */;
INSERT INTO `usuario` (`id`,`user_id`,`comissao`,`senha`,`senha_provisoria`,`nome`,`ativo`) VALUES 
 (1,'admin',0.00,'e6a52c828d56b46129fbf85c4cd164b3','N','Administrador do sistema','S'),
 (2,'flavia',0.00,'3a8f40116042d45e5b502a5011801645','N','Flavia','S'),
 (3,'debora',5.00,'02a34b6111bbf0bd1b3c4d7cd7ebb37b','N','Debora','S'),
 (4,'sabrina',0.00,'e6a52c828d56b46129fbf85c4cd164b3','N','Sabrina Silva','S'),
 (5,'lidiane',0.00,'6fd26831ae8ca5806f51cd0f51b5dd99','N','Lidiane','S');
/*!40000 ALTER TABLE `usuario` ENABLE KEYS */;


--
-- Definition of table `usuario_has_permissao`
--

DROP TABLE IF EXISTS `usuario_has_permissao`;
CREATE TABLE `usuario_has_permissao` (
  `usuario_id` int(11) NOT NULL AUTO_INCREMENT,
  `permissoes_id` int(11) NOT NULL,
  PRIMARY KEY (`usuario_id`,`permissoes_id`),
  KEY `fk_usuario_has_permissoes_permissoes1_idx` (`permissoes_id`),
  KEY `fk_usuario_has_permissoes_usuario1_idx` (`usuario_id`),
  CONSTRAINT `fk_usuario_has_permissoes_permissoes1` FOREIGN KEY (`permissoes_id`) REFERENCES `permissao` (`id`) ON DELETE NO ACTION ON UPDATE NO ACTION,
  CONSTRAINT `fk_usuario_has_permissoes_usuario1` FOREIGN KEY (`usuario_id`) REFERENCES `usuario` (`id`) ON DELETE NO ACTION ON UPDATE NO ACTION
) ENGINE=InnoDB AUTO_INCREMENT=6 DEFAULT CHARSET=utf8;

--
-- Dumping data for table `usuario_has_permissao`
--

/*!40000 ALTER TABLE `usuario_has_permissao` DISABLE KEYS */;
INSERT INTO `usuario_has_permissao` (`usuario_id`,`permissoes_id`) VALUES 
 (1,1),
 (4,2),
 (5,2),
 (2,3),
 (3,4);
/*!40000 ALTER TABLE `usuario_has_permissao` ENABLE KEYS */;




/*!40101 SET SQL_MODE=@OLD_SQL_MODE */;
/*!40014 SET FOREIGN_KEY_CHECKS=@OLD_FOREIGN_KEY_CHECKS */;
/*!40014 SET UNIQUE_CHECKS=@OLD_UNIQUE_CHECKS */;
/*!40101 SET CHARACTER_SET_CLIENT=@OLD_CHARACTER_SET_CLIENT */;
/*!40101 SET CHARACTER_SET_RESULTS=@OLD_CHARACTER_SET_RESULTS */;
/*!40101 SET COLLATION_CONNECTION=@OLD_COLLATION_CONNECTION */;
/*!40101 SET CHARACTER_SET_CLIENT=@OLD_CHARACTER_SET_CLIENT */;
